Product Category,Product,Keyword,Search Volume (Est.),Competition,Intent,Geographic Focus,Priority Score,Ranking Difficulty (Months)
Feed Processing Equipment,Pellet Mill,pellet mill UAE,35,Medium,Commercial,UAE,15,3-6 months
Feed Processing Equipment,Pellet Mill,pellet mill Dubai,35,Medium,Commercial,Dubai,15,3-6 months
Feed Processing Equipment,Pellet Mill,pellet mill supplier UAE,35,Medium,Commercial,UAE,15,3-6 months
Feed Processing Equipment,Pellet Mill,pellet mill manufacturer Dubai,21,Medium,Commercial,Dubai,9,3-6 months
Feed Processing Equipment,Pellet Mill,gear drive pellet mill,50,Medium,Commercial,Global,22,3-6 months
Feed Processing Equipment,Pellet Mill,gear drive pellet mill UAE,70,Medium,Commercial,UAE,31,3-6 months
Feed Processing Equipment,Pellet Mill,gear drive pellet mill Dubai,70,Medium,Commercial,Dubai,31,3-6 months
Feed Processing Equipment,Pellet Mill,belt driven pellet mill,50,Medium,Commercial,Global,22,3-6 months
Feed Processing Equipment,Pellet Mill,belt driven pellet mill UAE,14,Medium,Commercial,UAE,6,3-6 months
Feed Processing Equipment,Pellet Mill,animal feed pellet mill,100,Medium,Commercial,Global,45,3-6 months
Feed Processing Equipment,Pellet Mill,animal feed pellet mill UAE,35,Medium,Commercial,UAE,15,3-6 months
Feed Processing Equipment,Pellet Mill,animal feed pellet mill Dubai,35,Medium,Commercial,Dubai,15,3-6 months
Feed Processing Equipment,Pellet Mill,pellet mill price UAE,21,Low,Transactional,UAE,14,2-4 months
Feed Processing Equipment,Pellet Mill,pellet mill cost Dubai,14,Low,Transactional,Dubai,9,2-4 months
Feed Processing Equipment,Pellet Mill,pellet mill for sale UAE,14,Low,Transactional,UAE,9,2-4 months
Feed Processing Equipment,Pellet Mill,pellet mill Saudi Arabia,25,Medium,Commercial,Saudi Arabia,11,3-6 months
Feed Processing Equipment,Pellet Mill,pellet mill Riyadh,10,Medium,Commercial,Saudi Arabia,4,3-6 months
Feed Processing Equipment,Pellet Mill,pellet mill Jeddah,20,Medium,Commercial,Saudi Arabia,9,3-6 months
Feed Processing Equipment,Pellet Mill,pellet mill Oman,25,Medium,Commercial,Oman,11,3-6 months
Feed Processing Equipment,Pellet Mill,pellet mill Qatar,25,Medium,Commercial,Qatar,11,3-6 months
Feed Processing Equipment,Pellet Mill,pellet mill Middle East,100,Medium,Commercial,Middle East,45,3-6 months
Feed Processing Equipment,Pellet Mill,pellet mill MEA,50,Medium,Commercial,Middle East,22,3-6 months
Feed Processing Equipment,Pellet Mill,pellet mill GCC,20,Medium,Commercial,Middle East,9,3-6 months
Feed Processing Equipment,Pellet Mill,industrial pellet mill UAE,35,Medium,Commercial,UAE,15,3-6 months
Feed Processing Equipment,Pellet Mill,commercial pellet mill Dubai,21,Medium,Commercial,Dubai,9,3-6 months
Feed Processing Equipment,Pellet Mill,automatic pellet mill UAE,35,Low,Commercial,UAE,21,2-4 months
Feed Processing Equipment,Pellet Mill,small scale pellet mill UAE,21,Medium,Commercial,UAE,9,3-6 months
Feed Processing Equipment,Pellet Mill,large scale pellet mill UAE,35,Medium,Commercial,UAE,15,3-6 months
Feed Processing Equipment,Pellet Mill,poultry feed pellet mill,75,Medium,Commercial,Global,33,3-6 months
Feed Processing Equipment,Pellet Mill,poultry feed pellet mill UAE,35,Medium,Commercial,UAE,15,3-6 months
Feed Processing Equipment,Pellet Mill,fish feed pellet mill,100,Low,Commercial,Global,60,2-4 months
Feed Processing Equipment,Pellet Mill,fish feed pellet mill UAE,35,Medium,Commercial,UAE,15,3-6 months
Feed Processing Equipment,Hammer Mill,hammer mill UAE,350,Medium,Commercial,UAE,157,4-6 months
Feed Processing Equipment,Hammer Mill,hammer mill Dubai,52,Medium,Commercial,Dubai,23,3-6 months
Feed Processing Equipment,Hammer Mill,SFSP hammer mill,20,Medium,Commercial,Global,9,3-6 months
Feed Processing Equipment,Hammer Mill,SFSP hammer mill UAE,5,Low,Commercial,UAE,3,2-4 months
Feed Processing Equipment,Hammer Mill,SFSP hammer mill Dubai,5,Low,Commercial,Dubai,3,2-4 months
Feed Processing Equipment,Hammer Mill,water drop hammer mill,100,Low,Commercial,Global,60,2-4 months
Feed Processing Equipment,Hammer Mill,water drop hammer mill UAE,35,Medium,Commercial,UAE,15,3-6 months
Feed Processing Equipment,Hammer Mill,feed grinder UAE,70,Medium,Commercial,UAE,31,3-6 months
Feed Processing Equipment,Hammer Mill,feed grinder Dubai,52,Medium,Commercial,Dubai,23,3-6 months
Feed Processing Equipment,Hammer Mill,hammer mill supplier UAE,350,High,Commercial,UAE,105,9-12 months
Feed Processing Equipment,Hammer Mill,hammer mill manufacturer Dubai,35,High,Commercial,Dubai,10,6-9 months
Feed Processing Equipment,Hammer Mill,hammer mill price UAE,350,Medium,Transactional,UAE,175,4-6 months
Feed Processing Equipment,Hammer Mill,hammer mill Saudi Arabia,250,Medium,Commercial,Saudi Arabia,112,4-6 months
Feed Processing Equipment,Hammer Mill,hammer mill Riyadh,25,Medium,Commercial,Saudi Arabia,11,3-6 months
Feed Processing Equipment,Hammer Mill,hammer mill Oman,25,Medium,Commercial,Oman,11,3-6 months
Feed Processing Equipment,Hammer Mill,hammer mill Qatar,25,Medium,Commercial,Qatar,11,3-6 months
Feed Processing Equipment,Hammer Mill,industrial hammer mill UAE,350,High,Commercial,UAE,105,9-12 months
Feed Processing Equipment,Hammer Mill,ultra fine pulverizer,50,Medium,Commercial,Global,22,3-6 months
Feed Processing Equipment,Hammer Mill,ultra fine pulverizer UAE,7,Medium,Commercial,UAE,3,3-6 months
Feed Processing Equipment,Hammer Mill,ultra fine pulverizer Dubai,3,Medium,Commercial,Dubai,1,3-6 months
Feed Processing Equipment,Twin Shaft Mixer,twin shaft mixer UAE,35,Medium,Commercial,UAE,15,3-6 months
Feed Processing Equipment,Twin Shaft Mixer,twin shaft mixer Dubai,35,Medium,Commercial,Dubai,15,3-6 months
Feed Processing Equipment,Twin Shaft Mixer,paddle mixer UAE,35,Medium,Commercial,UAE,15,3-6 months
Feed Processing Equipment,Twin Shaft Mixer,paddle mixer Dubai,52,Medium,Commercial,Dubai,23,3-6 months
Feed Processing Equipment,Twin Shaft Mixer,ribbon mixer UAE,35,High,Commercial,UAE,10,6-9 months
Feed Processing Equipment,Twin Shaft Mixer,feed mixer UAE,70,Medium,Commercial,UAE,31,3-6 months
Feed Processing Equipment,Twin Shaft Mixer,feed mixer Dubai,140,Medium,Commercial,Dubai,63,4-6 months
Feed Processing Equipment,Twin Shaft Mixer,twin shaft mixer supplier UAE,35,Medium,Commercial,UAE,15,3-6 months
Feed Processing Equipment,Twin Shaft Mixer,twin shaft mixer manufacturer Dubai,35,Medium,Commercial,Dubai,15,3-6 months
Feed Processing Equipment,Twin Shaft Mixer,twin shaft mixer Saudi Arabia,25,Medium,Commercial,Saudi Arabia,11,3-6 months
Feed Processing Equipment,Twin Shaft Mixer,twin shaft mixer Oman,25,Medium,Commercial,Oman,11,3-6 months
Feed Processing Equipment,Twin Shaft Mixer,industrial mixer UAE,70,Medium,Commercial,UAE,31,3-6 months
Feed Processing Equipment,Twin Shaft Mixer,automatic feed mixer UAE,70,Medium,Commercial,UAE,31,3-6 months
Feed Processing Equipment,Twin Screw Extruder,twin screw extruder UAE,21,Medium,Commercial,UAE,9,3-6 months
Feed Processing Equipment,Twin Screw Extruder,twin screw extruder Dubai,14,Medium,Commercial,Dubai,6,3-6 months
Feed Processing Equipment,Twin Screw Extruder,fish feed extruder,75,Low,Commercial,Global,45,2-4 months
Feed Processing Equipment,Twin Screw Extruder,fish feed extruder UAE,14,Low,Commercial,UAE,8,2-4 months
Feed Processing Equipment,Twin Screw Extruder,fish feed extruder Dubai,14,Low,Commercial,Dubai,8,2-4 months
Feed Processing Equipment,Twin Screw Extruder,aquatic feed extruder,75,Medium,Commercial,Global,33,3-6 months
Feed Processing Equipment,Twin Screw Extruder,aquatic feed extruder UAE,14,Medium,Commercial,UAE,6,3-6 months
Feed Processing Equipment,Twin Screw Extruder,MFPH extruder,5,Medium,Commercial,Global,2,3-6 months
Feed Processing Equipment,Twin Screw Extruder,MFPH extruder UAE,5,Medium,Commercial,UAE,2,3-6 months
Feed Processing Equipment,Twin Screw Extruder,extruder supplier UAE,35,High,Commercial,UAE,10,6-9 months
Feed Processing Equipment,Twin Screw Extruder,extruder manufacturer Dubai,35,Medium,Commercial,Dubai,15,3-6 months
Feed Processing Equipment,Twin Screw Extruder,extruder Saudi Arabia,50,Medium,Commercial,Saudi Arabia,22,3-6 months
Feed Processing Equipment,Feed Dryer,feed dryer UAE,140,Medium,Commercial,UAE,63,4-6 months
Feed Processing Equipment,Feed Dryer,feed dryer Dubai,70,Medium,Commercial,Dubai,31,3-6 months
Feed Processing Equipment,Feed Dryer,MFHG steam dryer,5,Medium,Commercial,Global,2,3-6 months
Feed Processing Equipment,Feed Dryer,MFHG steam dryer UAE,5,Medium,Commercial,UAE,2,3-6 months
Feed Processing Equipment,Feed Dryer,steam dryer UAE,70,Medium,Commercial,UAE,31,3-6 months
Feed Processing Equipment,Feed Dryer,feed dryer supplier UAE,35,High,Commercial,UAE,10,6-9 months
Feed Processing Equipment,Feed Dryer,feed dryer Saudi Arabia,50,Medium,Commercial,Saudi Arabia,22,3-6 months
Feed Processing Equipment,Feed Cooler,feed cooler UAE,140,Medium,Commercial,UAE,63,4-6 months
Feed Processing Equipment,Feed Cooler,feed cooler Dubai,140,Medium,Commercial,Dubai,63,4-6 months
Feed Processing Equipment,Feed Cooler,feed cooler supplier UAE,140,Medium,Commercial,UAE,63,4-6 months
Feed Processing Equipment,Feed Cooler,feed cooler manufacturer Dubai,70,High,Commercial,Dubai,21,6-9 months
Feed Processing Equipment,Feed Cooler,feed cooler Saudi Arabia,100,Medium,Commercial,Saudi Arabia,45,3-6 months
Water & Beverage Processing,Water Treatment Plant,water treatment plant UAE,140,Medium,Commercial,UAE,63,4-6 months
Water & Beverage Processing,Water Treatment Plant,water treatment plant Dubai,130,Medium,Commercial,Dubai,65,4-6
Water & Beverage Processing,Water Treatment Plant,RO plant UAE,95,Medium,Commercial,UAE,47.5,4-6
Water & Beverage Processing,Water Treatment Plant,RO plant Dubai,105,Medium,Commercial,Dubai,52.5,4-6
Water & Beverage Processing,Water Treatment Plant,reverse osmosis plant UAE,85,Medium,Commercial,UAE,42.5,4-6
Water & Beverage Processing,Water Treatment Plant,reverse osmosis plant Dubai,95,Medium,Commercial,Dubai,47.5,4-6
Water & Beverage Processing,Water Treatment Plant,water purification system UAE,100,Medium,Commercial,UAE,50,4-6
Water & Beverage Processing,Water Treatment Plant,water purification system Dubai,110,Medium,Commercial,Dubai,55,4-6
Water & Beverage Processing,Water Treatment Plant,water treatment plant supplier UAE,70,Medium,Commercial,UAE,70,4-6
Water & Beverage Processing,Water Treatment Plant,RO plant supplier Dubai,75,Medium,Commercial,Dubai,75,4-6
Water & Beverage Processing,Water Treatment Plant,water treatment plant price UAE,60,Medium,Transactional,UAE,60,4-6
Water & Beverage Processing,Water Treatment Plant,RO plant cost Dubai,65,Medium,Transactional,Dubai,65,4-6
Water & Beverage Processing,Water Treatment Plant,water treatment plant Saudi Arabia,90,Low,Commercial,Saudi Arabia,180,2-4
Water & Beverage Processing,Water Treatment Plant,RO plant Riyadh,75,Low,Commercial,Riyadh,150,2-4
Water & Beverage Processing,Water Treatment Plant,water treatment plant Oman,60,Low,Commercial,Oman,120,2-4
Water & Beverage Processing,Water Treatment Plant,water treatment plant Qatar,55,Low,Commercial,Qatar,110,2-4
Water & Beverage Processing,Water Treatment Plant,industrial RO plant UAE,70,Medium,Commercial,UAE,70,4-6
Water & Beverage Processing,Water Treatment Plant,commercial water treatment UAE,65,Medium,Commercial,UAE,65,4-6
Water & Beverage Processing,Steam Boiler,steam boiler UAE,80,Medium,Commercial,UAE,80,4-6
Water & Beverage Processing,Steam Boiler,steam boiler Dubai,90,Medium,Commercial,Dubai,90,4-6
Water & Beverage Processing,Steam Boiler,steam boiler supplier UAE,55,Medium,Commercial,UAE,55,4-6
Water & Beverage Processing,Steam Boiler,steam boiler manufacturer Dubai,60,Medium,Commercial,Dubai,60,4-6
Water & Beverage Processing,Steam Boiler,steam boiler price UAE,50,Medium,Transactional,UAE,50,4-6
Water & Beverage Processing,Steam Boiler,steam boiler Saudi Arabia,65,Low,Commercial,Saudi Arabia,130,2-4
Water & Beverage Processing,Steam Boiler,industrial steam boiler UAE,60,Medium,Commercial,UAE,60,4-6
Water & Beverage Processing,Homogenizer/Pasteurizer,homogenizer UAE,55,Low,Commercial,UAE,110,2-4
Water & Beverage Processing,Homogenizer/Pasteurizer,homogenizer Dubai,60,Low,Commercial,Dubai,120,2-4
Water & Beverage Processing,Homogenizer/Pasteurizer,pasteurizer UAE,50,Low,Commercial,UAE,100,2-4
Water & Beverage Processing,Homogenizer/Pasteurizer,pasteurizer Dubai,55,Low,Commercial,Dubai,110,2-4
Water & Beverage Processing,Homogenizer/Pasteurizer,homogenizer pasteurizer UAE,45,Low,Commercial,UAE,90,2-4
Water & Beverage Processing,Homogenizer/Pasteurizer,homogenizer supplier UAE,40,Low,Commercial,UAE,80,2-4
Water & Beverage Processing,Homogenizer/Pasteurizer,pasteurizer manufacturer Dubai,45,Low,Commercial,Dubai,90,2-4
Water & Beverage Processing,Homogenizer/Pasteurizer,homogenizer Saudi Arabia,40,Low,Commercial,Saudi Arabia,80,2-4
Water & Beverage Processing,Carbonator,carbonator UAE,40,Low,Commercial,UAE,80,2-4
Water & Beverage Processing,Carbonator,carbonator Dubai,45,Low,Commercial,Dubai,90,2-4
Water & Beverage Processing,Carbonator,carbonation system UAE,35,Low,Commercial,UAE,70,2-4
Water & Beverage Processing,Carbonator,beverage mixer UAE,50,Medium,Commercial,UAE,50,4-6
Water & Beverage Processing,Carbonator,carbonator supplier UAE,30,Low,Commercial,UAE,60,2-4
Water & Beverage Processing,Carbonator,carbonator manufacturer Dubai,35,Low,Commercial,Dubai,70,2-4
Filling & Packaging,Rotary Filling Machine,rotary filling machine UAE,70,Medium,Commercial,UAE,70,4-6
Filling & Packaging,Rotary Filling Machine,rotary filling machine Dubai,80,Medium,Commercial,Dubai,80,4-6
Filling & Packaging,Rotary Filling Machine,rotary filler UAE,60,Medium,Commercial,UAE,60,4-6
Filling & Packaging,Rotary Filling Machine,rotary filling machine supplier UAE,50,Medium,Commercial,UAE,50,4-6
Filling & Packaging,Rotary Filling Machine,rotary filling machine manufacturer Dubai,55,Medium,Commercial,Dubai,55,4-6
Filling & Packaging,Rotary Filling Machine,rotary filling machine price UAE,45,Medium,Transactional,UAE,45,4-6
Filling & Packaging,Rotary Filling Machine,rotary filling machine Saudi Arabia,55,Low,Commercial,Saudi Arabia,110,2-4
Filling & Packaging,Rotary Filling Machine,automatic filling machine UAE,65,Medium,Commercial,UAE,65,4-6
Filling & Packaging,Piston Filling Machine,piston filling machine UAE,65,Medium,Commercial,UAE,65,4-6
Filling & Packaging,Piston Filling Machine,piston filling machine Dubai,75,Medium,Commercial,Dubai,75,4-6
Filling & Packaging,Piston Filling Machine,piston filler UAE,55,Medium,Commercial,UAE,55,4-6
Filling & Packaging,Piston Filling Machine,piston filling machine supplier UAE,45,Medium,Commercial,UAE,45,4-6
Filling & Packaging,Piston Filling Machine,piston filling machine manufacturer Dubai,50,Medium,Commercial,Dubai,50,4-6
Filling & Packaging,Piston Filling Machine,piston filling machine price UAE,40,Medium,Transactional,UAE,40,4-6
Filling & Packaging,Piston Filling Machine,piston filling machine Saudi Arabia,50,Low,Commercial,Saudi Arabia,100,2-4
Filling & Packaging,Labeling Machine,labeling machine UAE,85,Medium,Commercial,UAE,85,4-6
Filling & Packaging,Labeling Machine,labeling machine Dubai,95,Medium,Commercial,Dubai,95,4-6
Filling & Packaging,Labeling Machine,BOPP labeling machine,70,Low,Commercial,Global,70,2-4
Filling & Packaging,Labeling Machine,BOPP labeling machine UAE,30,Low,Commercial,UAE,60,2-4
Filling & Packaging,Labeling Machine,BOPP labeling machine Dubai,35,Low,Commercial,Dubai,70,2-4
Filling & Packaging,Labeling Machine,shrink labeling machine,65,Low,Commercial,Global,65,2-4
Filling & Packaging,Labeling Machine,shrink labeling machine UAE,28,Low,Commercial,UAE,56,2-4
Filling & Packaging,Labeling Machine,sticker labeling machine,60,Low,Commercial,Global,60,2-4
Filling & Packaging,Labeling Machine,sticker labeling machine UAE,25,Low,Commercial,UAE,50,2-4
Filling & Packaging,Labeling Machine,labeling machine supplier UAE,60,Medium,Commercial,UAE,60,4-6
Filling & Packaging,Labeling Machine,labeling machine manufacturer Dubai,65,Medium,Commercial,Dubai,65,4-6
Filling & Packaging,Labeling Machine,labeling machine price UAE,55,Medium,Transactional,UAE,55,4-6
Filling & Packaging,Labeling Machine,labeling machine Saudi Arabia,65,Low,Commercial,Saudi Arabia,130,2-4
Filling & Packaging,PET Blowing Machine,PET blowing machine UAE,75,Medium,Commercial,UAE,75,4-6
Filling & Packaging,PET Blowing Machine,PET blowing machine Dubai,85,Medium,Commercial,Dubai,85,4-6
Filling & Packaging,PET Blowing Machine,PET bottle blowing machine,90,Medium,Commercial,Global,45,6-9
Filling & Packaging,PET Blowing Machine,PET bottle blowing machine UAE,50,Medium,Commercial,UAE,50,4-6
Filling & Packaging,PET Blowing Machine,PET blowing machine supplier UAE,55,Medium,Commercial,UAE,55,4-6
Filling & Packaging,PET Blowing Machine,PET blowing machine manufacturer Dubai,60,Medium,Commercial,Dubai,60,4-6
Filling & Packaging,PET Blowing Machine,PET blowing machine price UAE,50,Medium,Transactional,UAE,50,4-6
Filling & Packaging,PET Blowing Machine,PET blowing machine Saudi Arabia,60,Low,Commercial,Saudi Arabia,120,2-4
Tanks & Vessels,Stainless Steel Tanks,stainless steel tanks UAE,110,Medium,Commercial,UAE,55,4-6
Tanks & Vessels,Stainless Steel Tanks,stainless steel tanks Dubai,120,Medium,Commercial,Dubai,60,4-6
Tanks & Vessels,Stainless Steel Tanks,mixing tank UAE,85,Medium,Commercial,UAE,85,4-6
Tanks & Vessels,Stainless Steel Tanks,mixing tank Dubai,95,Medium,Commercial,Dubai,95,4-6
Tanks & Vessels,Stainless Steel Tanks,blending vessel UAE,70,Low,Commercial,UAE,140,2-4
Tanks & Vessels,Stainless Steel Tanks,blending vessel Dubai,75,Low,Commercial,Dubai,150,2-4
Tanks & Vessels,Stainless Steel Tanks,storage tank UAE,95,Medium,Commercial,UAE,95,4-6
Tanks & Vessels,Stainless Steel Tanks,storage tank Dubai,105,Medium,Commercial,Dubai,105,4-6
Tanks & Vessels,Stainless Steel Tanks,stainless steel tank supplier UAE,75,Medium,Commercial,UAE,75,4-6
Tanks & Vessels,Stainless Steel Tanks,stainless steel tank manufacturer Dubai,80,Medium,Commercial,Dubai,80,4-6
Tanks & Vessels,Stainless Steel Tanks,stainless steel tank price UAE,70,Medium,Transactional,UAE,70,4-6
Tanks & Vessels,Stainless Steel Tanks,stainless steel tanks Saudi Arabia,85,Low,Commercial,Saudi Arabia,170,2-4
Tanks & Vessels,Stainless Steel Tanks,stainless steel tanks Riyadh,70,Low,Commercial,Riyadh,140,2-4
Tanks & Vessels,Stainless Steel Tanks,industrial storage tank UAE,80,Medium,Commercial,UAE,80,4-6
Tanks & Vessels,Fermentation Tank,fermentation tank UAE,60,Low,Commercial,UAE,120,2-4
Tanks & Vessels,Fermentation Tank,fermentation tank Dubai,65,Low,Commercial,Dubai,130,2-4
Tanks & Vessels,Fermentation Tank,fermentation tank supplier UAE,45,Low,Commercial,UAE,90,2-4
Tanks & Vessels,Fermentation Tank,fermentation tank manufacturer Dubai,50,Low,Commercial,Dubai,100,2-4
Tanks & Vessels,Fermentation Tank,fermentation tank Saudi Arabia,45,Low,Commercial,Saudi Arabia,90,2-4
Complete Solutions,Animal Feed Production Line,animal feed production line UAE,95,Medium,Commercial,UAE,47.5,4-6
Complete Solutions,Animal Feed Production Line,animal feed production line Dubai,105,Medium,Commercial,Dubai,52.5,4-6
Complete Solutions,Animal Feed Production Line,complete feed mill UAE,80,Low,Commercial,UAE,160,2-4
Complete Solutions,Animal Feed Production Line,complete feed mill Dubai,85,Low,Commercial,Dubai,170,2-4
Complete Solutions,Animal Feed Production Line,turnkey feed plant UAE,70,Low,Commercial,UAE,140,2-4
Complete Solutions,Animal Feed Production Line,turnkey feed plant Dubai,75,Low,Commercial,Dubai,150,2-4
Complete Solutions,Animal Feed Production Line,poultry feed line UAE,75,Medium,Commercial,UAE,75,4-6
Complete Solutions,Animal Feed Production Line,poultry feed line Dubai,85,Medium,Commercial,Dubai,85,4-6
Complete Solutions,Animal Feed Production Line,feed production line supplier UAE,65,Medium,Commercial,UAE,65,4-6
Complete Solutions,Animal Feed Production Line,feed production line manufacturer Dubai,70,Medium,Commercial,Dubai,70,4-6
Complete Solutions,Animal Feed Production Line,feed production line price UAE,60,Medium,Transactional,UAE,60,4-6
Complete Solutions,Animal Feed Production Line,feed production line Saudi Arabia,75,Low,Commercial,Saudi Arabia,150,2-4
Complete Solutions,Animal Feed Production Line,feed production line Riyadh,60,Low,Commercial,Riyadh,120,2-4
Complete Solutions,Animal Feed Production Line,1 ton per hour feed mill UAE,40,Low,Commercial,UAE,80,2-4
Complete Solutions,Animal Feed Production Line,5 ton per hour feed mill UAE,35,Low,Commercial,UAE,70,2-4
Complete Solutions,Animal Feed Production Line,10 ton per hour feed mill UAE,30,Low,Commercial,UAE,60,2-4
Complete Solutions,Animal Feed Production Line,20 ton per hour feed mill UAE,25,Low,Commercial,UAE,50,2-4
Complete Solutions,Aquatic Feed Production Line,fish feed plant UAE,70,Low,Commercial,UAE,140,2-4
Complete Solutions,Aquatic Feed Production Line,fish feed plant Dubai,75,Low,Commercial,Dubai,150,2-4
Complete Solutions,Aquatic Feed Production Line,shrimp feed line UAE,55,Low,Commercial,UAE,110,2-4
Complete Solutions,Aquatic Feed Production Line,shrimp feed line Dubai,60,Low,Commercial,Dubai,120,2-4
Complete Solutions,Aquatic Feed Production Line,aquatic feed production line UAE,65,Low,Commercial,UAE,130,2-4
Complete Solutions,Aquatic Feed Production Line,aquatic feed production line Dubai,70,Low,Commercial,Dubai,140,2-4
Complete Solutions,Aquatic Feed Production Line,fish feed production line supplier UAE,50,Low,Commercial,UAE,100,2-4
Complete Solutions,Aquatic Feed Production Line,fish feed production line manufacturer Dubai,55,Low,Commercial,Dubai,110,2-4
Feed Processing Equipment,Pellet Mill,pellet mill Abu Dhabi,70,Medium,Commercial,Abu Dhabi,70,3-6
Feed Processing Equipment,Pellet Mill,pellet mill Sharjah,60,Medium,Commercial,Sharjah,60,3-6
Feed Processing Equipment,Hammer Mill,hammer mill Abu Dhabi,65,Medium,Commercial,Abu Dhabi,65,3-6
Feed Processing Equipment,Hammer Mill,hammer mill Sharjah,55,Medium,Commercial,Sharjah,55,3-6
Feed Processing Equipment,Twin Shaft Mixer,twin shaft mixer Abu Dhabi,50,Low,Commercial,Abu Dhabi,100,2-4
Feed Processing Equipment,Twin Shaft Mixer,twin shaft mixer Sharjah,45,Low,Commercial,Sharjah,90,2-4
Feed Processing Equipment,Twin Screw Extruder,twin screw extruder Abu Dhabi,45,Low,Commercial,Abu Dhabi,90,2-4
Feed Processing Equipment,Twin Screw Extruder,twin screw extruder Sharjah,40,Low,Commercial,Sharjah,80,2-4
Feed Processing Equipment,Feed Dryer,feed dryer Abu Dhabi,40,Low,Commercial,Abu Dhabi,80,2-4
Feed Processing Equipment,Feed Cooler,feed cooler Abu Dhabi,35,Low,Commercial,Abu Dhabi,70,2-4
Water & Beverage Processing,Water Treatment Plant,water treatment plant Abu Dhabi,100,Medium,Commercial,Abu Dhabi,50,4-6
Water & Beverage Processing,Water Treatment Plant,RO plant Abu Dhabi,80,Medium,Commercial,Abu Dhabi,40,4-6
Water & Beverage Processing,Water Treatment Plant,water treatment plant Sharjah,85,Medium,Commercial,Sharjah,42.5,4-6
Water & Beverage Processing,Steam Boiler,steam boiler Abu Dhabi,65,Medium,Commercial,Abu Dhabi,65,4-6
Water & Beverage Processing,Steam Boiler,steam boiler Sharjah,55,Medium,Commercial,Sharjah,55,4-6
Water & Beverage Processing,Homogenizer/Pasteurizer,homogenizer Abu Dhabi,45,Low,Commercial,Abu Dhabi,90,2-4
Water & Beverage Processing,Homogenizer/Pasteurizer,pasteurizer Abu Dhabi,40,Low,Commercial,Abu Dhabi,80,2-4
Water & Beverage Processing,Carbonator,carbonator Abu Dhabi,30,Low,Commercial,Abu Dhabi,60,2-4
Filling & Packaging,Rotary Filling Machine,rotary filling machine Abu Dhabi,55,Medium,Commercial,Abu Dhabi,55,4-6
Filling & Packaging,Rotary Filling Machine,rotary filling machine Sharjah,50,Medium,Commercial,Sharjah,50,4-6
Filling & Packaging,Piston Filling Machine,piston filling machine Abu Dhabi,50,Medium,Commercial,Abu Dhabi,50,4-6
Filling & Packaging,Piston Filling Machine,piston filling machine Sharjah,45,Medium,Commercial,Sharjah,45,4-6
Filling & Packaging,Labeling Machine,labeling machine Abu Dhabi,70,Medium,Commercial,Abu Dhabi,70,4-6
Filling & Packaging,Labeling Machine,labeling machine Sharjah,60,Medium,Commercial,Sharjah,60,4-6
Filling & Packaging,PET Blowing Machine,PET blowing machine Abu Dhabi,60,Medium,Commercial,Abu Dhabi,60,4-6
Filling & Packaging,PET Blowing Machine,PET blowing machine Sharjah,55,Medium,Commercial,Sharjah,55,4-6
Tanks & Vessels,Stainless Steel Tanks,stainless steel tanks Abu Dhabi,90,Medium,Commercial,Abu Dhabi,45,4-6
Tanks & Vessels,Stainless Steel Tanks,stainless steel tanks Sharjah,80,Medium,Commercial,Sharjah,40,4-6
Tanks & Vessels,Stainless Steel Tanks,mixing tank Abu Dhabi,70,Medium,Commercial,Abu Dhabi,70,4-6
Tanks & Vessels,Stainless Steel Tanks,mixing tank Sharjah,60,Medium,Commercial,Sharjah,60,4-6
Tanks & Vessels,Fermentation Tank,fermentation tank Abu Dhabi,50,Low,Commercial,Abu Dhabi,100,2-4
Tanks & Vessels,Fermentation Tank,fermentation tank Sharjah,45,Low,Commercial,Sharjah,90,2-4
Complete Solutions,Animal Feed Production Line,animal feed production line Abu Dhabi,80,Medium,Commercial,Abu Dhabi,40,4-6
Complete Solutions,Animal Feed Production Line,complete feed mill Abu Dhabi,65,Low,Commercial,Abu Dhabi,130,2-4
Complete Solutions,Animal Feed Production Line,complete feed mill Sharjah,55,Low,Commercial,Sharjah,110,2-4
Complete Solutions,Aquatic Feed Production Line,fish feed plant Abu Dhabi,60,Low,Commercial,Abu Dhabi,120,2-4
Complete Solutions,Aquatic Feed Production Line,fish feed plant Sharjah,50,Low,Commercial,Sharjah,100,2-4
Feed Processing Equipment,Pellet Mill,pellet mill Muscat,30,Low,Commercial,Muscat,60,2-4
Feed Processing Equipment,Pellet Mill,pellet mill Doha,25,Low,Commercial,Doha,50,2-4
Feed Processing Equipment,Hammer Mill,hammer mill Muscat,25,Low,Commercial,Muscat,50,2-4
Feed Processing Equipment,Hammer Mill,hammer mill Doha,20,Low,Commercial,Doha,40,2-4
Feed Processing Equipment,Twin Shaft Mixer,twin shaft mixer Muscat,25,Low,Commercial,Muscat,50,2-4
Feed Processing Equipment,Twin Shaft Mixer,twin shaft mixer Doha,20,Low,Commercial,Doha,40,2-4
Feed Processing Equipment,Twin Screw Extruder,twin screw extruder Muscat,25,Low,Commercial,Muscat,50,2-4
Feed Processing Equipment,Twin Screw Extruder,twin screw extruder Doha,20,Low,Commercial,Doha,40,2-4
Feed Processing Equipment,Feed Dryer,feed dryer Muscat,25,Low,Commercial,Muscat,50,2-4
Feed Processing Equipment,Feed Cooler,feed cooler Muscat,20,Low,Commercial,Muscat,40,2-4
Water & Beverage Processing,Water Treatment Plant,water treatment plant Muscat,45,Low,Commercial,Muscat,90,2-4
Water & Beverage Processing,Water Treatment Plant,RO plant Muscat,40,Low,Commercial,Muscat,80,2-4
Water & Beverage Processing,Water Treatment Plant,water treatment plant Doha,40,Low,Commercial,Doha,80,2-4
Water & Beverage Processing,Water Treatment Plant,RO plant Doha,35,Low,Commercial,Doha,70,2-4
Water & Beverage Processing,Steam Boiler,steam boiler Muscat,50,Low,Commercial,Muscat,100,2-4
Water & Beverage Processing,Steam Boiler,steam boiler Doha,45,Low,Commercial,Doha,90,2-4
Water & Beverage Processing,Homogenizer/Pasteurizer,homogenizer Muscat,30,Low,Commercial,Muscat,60,2-4
Water & Beverage Processing,Homogenizer/Pasteurizer,pasteurizer Muscat,25,Low,Commercial,Muscat,50,2-4
Water & Beverage Processing,Carbonator,carbonator Muscat,20,Low,Commercial,Muscat,40,2-4
Water & Beverage Processing,Carbonator,carbonator Doha,18,Low,Commercial,Doha,36,2-4
Filling & Packaging,Rotary Filling Machine,rotary filling machine Muscat,40,Low,Commercial,Muscat,80,2-4
Filling & Packaging,Rotary Filling Machine,rotary filling machine Doha,35,Low,Commercial,Doha,70,2-4
Filling & Packaging,Piston Filling Machine,piston filling machine Muscat,35,Low,Commercial,Muscat,70,2-4
Filling & Packaging,Piston Filling Machine,piston filling machine Doha,30,Low,Commercial,Doha,60,2-4
Filling & Packaging,Labeling Machine,labeling machine Muscat,45,Low,Commercial,Muscat,90,2-4
Filling & Packaging,Labeling Machine,labeling machine Doha,40,Low,Commercial,Doha,80,2-4
Filling & Packaging,PET Blowing Machine,PET blowing machine Muscat,45,Low,Commercial,Muscat,90,2-4
Filling & Packaging,PET Blowing Machine,PET blowing machine Doha,40,Low,Commercial,Doha,80,2-4
Tanks & Vessels,Stainless Steel Tanks,stainless steel tanks Muscat,60,Low,Commercial,Muscat,120,2-4
Tanks & Vessels,Stainless Steel Tanks,stainless steel tanks Doha,55,Low,Commercial,Doha,110,2-4
Tanks & Vessels,Stainless Steel Tanks,mixing tank Muscat,55,Low,Commercial,Muscat,110,2-4
Tanks & Vessels,Stainless Steel Tanks,mixing tank Doha,50,Low,Commercial,Doha,100,2-4
Tanks & Vessels,Fermentation Tank,fermentation tank Muscat,35,Low,Commercial,Muscat,70,2-4
Tanks & Vessels,Fermentation Tank,fermentation tank Doha,30,Low,Commercial,Doha,60,2-4
Complete Solutions,Animal Feed Production Line,animal feed production line Muscat,50,Low,Commercial,Muscat,100,2-4
Complete Solutions,Animal Feed Production Line,complete feed mill Muscat,45,Low,Commercial,Muscat,90,2-4
Complete Solutions,Animal Feed Production Line,complete feed mill Doha,40,Low,Commercial,Doha,80,2-4
Complete Solutions,Aquatic Feed Production Line,fish feed plant Muscat,45,Low,Commercial,Muscat,90,2-4
Complete Solutions,Aquatic Feed Production Line,fish feed plant Doha,40,Low,Commercial,Doha,80,2-4
Feed Processing Equipment,Pellet Mill,pellet mill dealer UAE,40,Medium,Commercial,UAE,40,4-6
Feed Processing Equipment,Pellet Mill,pellet mill distributor UAE,35,Medium,Commercial,UAE,35,4-6
Feed Processing Equipment,Hammer Mill,hammer mill dealer UAE,35,Medium,Commercial,UAE,35,4-6
Feed Processing Equipment,Hammer Mill,hammer mill distributor UAE,30,Medium,Commercial,UAE,30,4-6
Feed Processing Equipment,Twin Shaft Mixer,twin shaft mixer dealer UAE,30,Low,Commercial,UAE,60,2-4
Feed Processing Equipment,Twin Shaft Mixer,twin shaft mixer distributor UAE,25,Low,Commercial,UAE,50,2-4
Feed Processing Equipment,Twin Screw Extruder,extruder dealer UAE,25,Low,Commercial,UAE,50,2-4
Feed Processing Equipment,Twin Screw Extruder,extruder distributor UAE,20,Low,Commercial,UAE,40,2-4
Water & Beverage Processing,Water Treatment Plant,water treatment plant dealer UAE,50,Medium,Commercial,UAE,50,4-6
Water & Beverage Processing,Water Treatment Plant,water treatment plant distributor UAE,45,Medium,Commercial,UAE,45,4-6
Water & Beverage Processing,Steam Boiler,steam boiler dealer UAE,40,Medium,Commercial,UAE,40,4-6
Water & Beverage Processing,Steam Boiler,steam boiler distributor UAE,35,Medium,Commercial,UAE,35,4-6
Filling & Packaging,Rotary Filling Machine,rotary filling machine dealer UAE,35,Medium,Commercial,UAE,35,4-6
Filling & Packaging,Rotary Filling Machine,rotary filling machine distributor UAE,30,Medium,Commercial,UAE,30,4-6
Filling & Packaging,Piston Filling Machine,piston filling machine dealer UAE,30,Medium,Commercial,UAE,30,4-6
Filling & Packaging,Piston Filling Machine,piston filling machine distributor UAE,25,Medium,Commercial,UAE,25,4-6
Filling & Packaging,Labeling Machine,labeling machine dealer UAE,40,Medium,Commercial,UAE,40,4-6
Filling & Packaging,Labeling Machine,labeling machine distributor UAE,35,Medium,Commercial,UAE,35,4-6
Filling & Packaging,PET Blowing Machine,PET blowing machine dealer UAE,40,Medium,Commercial,UAE,40,4-6
Filling & Packaging,PET Blowing Machine,PET blowing machine distributor UAE,35,Medium,Commercial,UAE,35,4-6
Tanks & Vessels,Stainless Steel Tanks,stainless steel tank dealer UAE,50,Medium,Commercial,UAE,50,4-6
Tanks & Vessels,Stainless Steel Tanks,stainless steel tank distributor UAE,45,Medium,Commercial,UAE,45,4-6
Tanks & Vessels,Fermentation Tank,fermentation tank dealer UAE,30,Low,Commercial,UAE,60,2-4
Tanks & Vessels,Fermentation Tank,fermentation tank distributor UAE,25,Low,Commercial,UAE,50,2-4
Complete Solutions,Animal Feed Production Line,feed production line dealer UAE,40,Medium,Commercial,UAE,40,4-6
Complete Solutions,Animal Feed Production Line,feed production line distributor UAE,35,Medium,Commercial,UAE,35,4-6
Complete Solutions,Aquatic Feed Production Line,fish feed plant dealer UAE,35,Low,Commercial,UAE,70,2-4
Complete Solutions,Aquatic Feed Production Line,fish feed plant distributor UAE,30,Low,Commercial,UAE,60,2-4
Feed Processing Equipment,Pellet Mill,high capacity pellet mill UAE,35,Medium,Commercial,UAE,35,4-6
Feed Processing Equipment,Pellet Mill,small capacity pellet mill UAE,30,Low,Commercial,UAE,60,2-4
Feed Processing Equipment,Hammer Mill,high capacity hammer mill UAE,30,Medium,Commercial,UAE,30,4-6
Feed Processing Equipment,Hammer Mill,small capacity hammer mill UAE,25,Low,Commercial,UAE,50,2-4
Feed Processing Equipment,Twin Shaft Mixer,high capacity mixer UAE,35,Medium,Commercial,UAE,35,4-6
Feed Processing Equipment,Twin Shaft Mixer,small capacity mixer UAE,30,Low,Commercial,UAE,60,2-4
Feed Processing Equipment,Twin Screw Extruder,high capacity extruder UAE,30,Low,Commercial,UAE,60,2-4
Feed Processing Equipment,Twin Screw Extruder,small capacity extruder UAE,25,Low,Commercial,UAE,50,2-4
Water & Beverage Processing,Water Treatment Plant,high capacity RO plant UAE,50,Medium,Commercial,UAE,50,4-6
Water & Beverage Processing,Water Treatment Plant,small RO plant UAE,40,Low,Commercial,UAE,80,2-4
Water & Beverage Processing,Steam Boiler,high capacity steam boiler UAE,40,Medium,Commercial,UAE,40,4-6
Water & Beverage Processing,Steam Boiler,small steam boiler UAE,30,Low,Commercial,UAE,60,2-4
Filling & Packaging,Rotary Filling Machine,high speed rotary filler UAE,40,Medium,Commercial,UAE,40,4-6
Filling & Packaging,Rotary Filling Machine,small rotary filler UAE,30,Low,Commercial,UAE,60,2-4
Filling & Packaging,Piston Filling Machine,high speed piston filler UAE,35,Medium,Commercial,UAE,35,4-6
Filling & Packaging,Piston Filling Machine,small piston filler UAE,25,Low,Commercial,UAE,50,2-4
Filling & Packaging,Labeling Machine,high speed labeling machine UAE,45,Medium,Commercial,UAE,45,4-6
Filling & Packaging,Labeling Machine,small labeling machine UAE,35,Low,Commercial,UAE,70,2-4
Filling & Packaging,PET Blowing Machine,high capacity PET blower UAE,40,Medium,Commercial,UAE,40,4-6
Filling & Packaging,PET Blowing Machine,small PET blower UAE,30,Low,Commercial,UAE,60,2-4
Tanks & Vessels,Stainless Steel Tanks,large capacity storage tank UAE,60,Medium,Commercial,UAE,60,4-6
Tanks & Vessels,Stainless Steel Tanks,small storage tank UAE,50,Low,Commercial,UAE,100,2-4
Tanks & Vessels,Fermentation Tank,large fermentation tank UAE,40,Low,Commercial,UAE,80,2-4
Tanks & Vessels,Fermentation Tank,small fermentation tank UAE,30,Low,Commercial,UAE,60,2-4
Complete Solutions,Animal Feed Production Line,large scale feed mill UAE,45,Medium,Commercial,UAE,45,4-6
Complete Solutions,Animal Feed Production Line,small scale feed mill UAE,40,Low,Commercial,UAE,80,2-4
Complete Solutions,Aquatic Feed Production Line,large scale fish feed plant UAE,35,Low,Commercial,UAE,70,2-4
Complete Solutions,Aquatic Feed Production Line,small scale fish feed plant UAE,30,Low,Commercial,UAE,60,2-4
Feed Processing Equipment,Pellet Mill,pellet mill for poultry farm UAE,45,Low,Commercial,UAE,90,2-4
Feed Processing Equipment,Pellet Mill,pellet mill for cattle farm UAE,40,Low,Commercial,UAE,80,2-4
Feed Processing Equipment,Pellet Mill,pellet mill for dairy farm,35,Low,Commercial,Global,70,2-4
Feed Processing Equipment,Pellet Mill,pellet mill spare parts UAE,30,Low,Commercial,UAE,60,2-4
Feed Processing Equipment,Pellet Mill,pellet mill maintenance Dubai,25,Low,Commercial,Dubai,50,2-4
Feed Processing Equipment,Pellet Mill,pellet mill installation UAE,28,Low,Commercial,UAE,56,2-4
Feed Processing Equipment,Pellet Mill,pellet mill training Dubai,20,Low,Commercial,Dubai,40,2-4
Feed Processing Equipment,Hammer Mill,hammer mill for feed production UAE,42,Low,Commercial,UAE,84,2-4
Feed Processing Equipment,Hammer Mill,hammer mill for grain processing,38,Low,Commercial,Global,76,2-4
Feed Processing Equipment,Hammer Mill,hammer mill spare parts Dubai,22,Low,Commercial,Dubai,44,2-4
Feed Processing Equipment,Hammer Mill,hammer mill screen UAE,28,Low,Commercial,UAE,56,2-4
Feed Processing Equipment,Twin Shaft Mixer,feed mixer for poultry UAE,40,Low,Commercial,UAE,80,2-4
Feed Processing Equipment,Twin Shaft Mixer,feed mixer for cattle,35,Low,Commercial,Global,70,2-4
Feed Processing Equipment,Twin Shaft Mixer,batch mixer UAE,32,Low,Commercial,UAE,64,2-4
Feed Processing Equipment,Twin Shaft Mixer,continuous mixer Dubai,30,Low,Commercial,Dubai,60,2-4
Feed Processing Equipment,Twin Screw Extruder,floating fish feed extruder,45,Low,Commercial,Global,90,2-4
Feed Processing Equipment,Twin Screw Extruder,sinking fish feed extruder,40,Low,Commercial,Global,80,2-4
Feed Processing Equipment,Twin Screw Extruder,shrimp feed extruder UAE,28,Low,Commercial,UAE,56,2-4
Feed Processing Equipment,Feed Dryer,feed dryer for poultry feed,35,Low,Commercial,Global,70,2-4
Feed Processing Equipment,Feed Dryer,feed dryer for fish feed,30,Low,Commercial,Global,60,2-4
Feed Processing Equipment,Feed Cooler,counterflow cooler UAE,32,Low,Commercial,UAE,64,2-4
Feed Processing Equipment,Feed Cooler,feed cooler for pellets,28,Low,Commercial,Global,56,2-4
Water & Beverage Processing,Water Treatment Plant,bottled water plant UAE,75,Medium,Commercial,UAE,37.5,4-6
Water & Beverage Processing,Water Treatment Plant,mineral water plant Dubai,70,Medium,Commercial,Dubai,35,4-6
Water & Beverage Processing,Water Treatment Plant,drinking water plant UAE,65,Medium,Commercial,UAE,32.5,4-6
Water & Beverage Processing,Water Treatment Plant,RO plant for factory,55,Low,Commercial,Global,110,2-4
Water & Beverage Processing,Water Treatment Plant,RO plant for restaurant,45,Low,Commercial,Global,90,2-4
Water & Beverage Processing,Water Treatment Plant,RO plant for hotel,50,Low,Commercial,Global,100,2-4
Water & Beverage Processing,Steam Boiler,steam boiler for feed mill,55,Low,Commercial,Global,110,2-4
Water & Beverage Processing,Steam Boiler,steam boiler for food processing,50,Low,Commercial,Global,100,2-4
Water & Beverage Processing,Steam Boiler,steam boiler for beverage,45,Low,Commercial,Global,90,2-4
Water & Beverage Processing,Homogenizer/Pasteurizer,milk homogenizer UAE,42,Low,Commercial,UAE,84,2-4
Water & Beverage Processing,Homogenizer/Pasteurizer,milk pasteurizer Dubai,40,Low,Commercial,Dubai,80,2-4
Water & Beverage Processing,Homogenizer/Pasteurizer,juice pasteurizer UAE,35,Low,Commercial,UAE,70,2-4
Water & Beverage Processing,Carbonator,soft drink carbonator,38,Low,Commercial,Global,76,2-4
Water & Beverage Processing,Carbonator,soda carbonator UAE,32,Low,Commercial,UAE,64,2-4
Filling & Packaging,Rotary Filling Machine,water bottling machine UAE,65,Medium,Commercial,UAE,65,4-6
Filling & Packaging,Rotary Filling Machine,juice filling machine Dubai,60,Medium,Commercial,Dubai,60,4-6
Filling & Packaging,Rotary Filling Machine,oil filling machine UAE,55,Medium,Commercial,UAE,55,4-6
Filling & Packaging,Rotary Filling Machine,chemical filling machine,50,Medium,Commercial,Global,25,6-9
Filling & Packaging,Piston Filling Machine,viscous product filler UAE,48,Low,Commercial,UAE,96,2-4
Filling & Packaging,Piston Filling Machine,paste filling machine Dubai,45,Low,Commercial,Dubai,90,2-4
Filling & Packaging,Piston Filling Machine,cream filling machine,42,Low,Commercial,Global,84,2-4
Filling & Packaging,Labeling Machine,bottle labeling machine UAE,72,Medium,Commercial,UAE,72,4-6
Filling & Packaging,Labeling Machine,can labeling machine Dubai,65,Medium,Commercial,Dubai,65,4-6
Filling & Packaging,Labeling Machine,jar labeling machine UAE,58,Medium,Commercial,UAE,58,4-6
Filling & Packaging,PET Blowing Machine,PET bottle machine UAE,68,Medium,Commercial,UAE,68,4-6
Filling & Packaging,PET Blowing Machine,PET container machine Dubai,62,Medium,Commercial,Dubai,62,4-6
Tanks & Vessels,Stainless Steel Tanks,food grade tank UAE,75,Medium,Commercial,UAE,75,4-6
Tanks & Vessels,Stainless Steel Tanks,pharmaceutical tank Dubai,65,Medium,Commercial,Dubai,65,4-6
Tanks & Vessels,Stainless Steel Tanks,chemical tank UAE,60,Medium,Commercial,UAE,60,4-6
Tanks & Vessels,Stainless Steel Tanks,insulated tank Dubai,55,Low,Commercial,Dubai,110,2-4
Tanks & Vessels,Stainless Steel Tanks,heated tank UAE,50,Low,Commercial,UAE,100,2-4
Tanks & Vessels,Fermentation Tank,beer fermentation tank,52,Low,Commercial,Global,104,2-4
Tanks & Vessels,Fermentation Tank,wine fermentation tank,48,Low,Commercial,Global,96,2-4
Tanks & Vessels,Fermentation Tank,biogas fermentation tank,45,Low,Commercial,Global,90,2-4
Complete Solutions,Animal Feed Production Line,poultry feed mill UAE,68,Medium,Commercial,UAE,68,4-6
Complete Solutions,Animal Feed Production Line,cattle feed mill Dubai,62,Medium,Commercial,Dubai,62,4-6
Complete Solutions,Animal Feed Production Line,dairy feed mill UAE,58,Medium,Commercial,UAE,58,4-6
Complete Solutions,Animal Feed Production Line,feed mill automation UAE,52,Low,Commercial,UAE,104,2-4
Complete Solutions,Animal Feed Production Line,automated feed mill Dubai,48,Low,Commercial,Dubai,96,2-4
Complete Solutions,Aquatic Feed Production Line,floating feed plant UAE,55,Low,Commercial,UAE,110,2-4
Complete Solutions,Aquatic Feed Production Line,sinking feed plant Dubai,50,Low,Commercial,Dubai,100,2-4
Complete Solutions,Aquatic Feed Production Line,aquaculture feed line,45,Low,Commercial,Global,90,2-4
Feed Processing Equipment,Pellet Mill,pellet mill specifications UAE,35,Low,Informational,UAE,70,2-4
Feed Processing Equipment,Pellet Mill,pellet mill technical data,32,Low,Informational,Global,64,2-4
Feed Processing Equipment,Hammer Mill,hammer mill specifications Dubai,30,Low,Informational,Dubai,60,2-4
Feed Processing Equipment,Hammer Mill,hammer mill technical sheet,28,Low,Informational,Global,56,2-4
Feed Processing Equipment,Twin Shaft Mixer,mixer specifications UAE,32,Low,Informational,UAE,64,2-4
Feed Processing Equipment,Twin Screw Extruder,extruder specifications Dubai,30,Low,Informational,Dubai,60,2-4
Water & Beverage Processing,Water Treatment Plant,RO plant specifications UAE,55,Medium,Informational,UAE,55,4-6
Water & Beverage Processing,Water Treatment Plant,RO plant technical data,50,Medium,Informational,Global,25,6-9
Filling & Packaging,Rotary Filling Machine,filling machine specifications,48,Medium,Informational,Global,24,6-9
Filling & Packaging,Labeling Machine,labeling machine specifications UAE,52,Medium,Informational,UAE,52,4-6
Tanks & Vessels,Stainless Steel Tanks,tank specifications Dubai,58,Medium,Informational,Dubai,58,4-6
Feed Processing Equipment,Pellet Mill,pellet mill video UAE,25,Low,Informational,UAE,50,2-4
Feed Processing Equipment,Pellet Mill,pellet mill demonstration,22,Low,Informational,Global,44,2-4
Feed Processing Equipment,Hammer Mill,hammer mill video Dubai,20,Low,Informational,Dubai,40,2-4
Complete Solutions,Animal Feed Production Line,feed mill video tour UAE,35,Low,Informational,UAE,70,2-4
Complete Solutions,Animal Feed Production Line,feed mill case study,32,Low,Informational,Global,64,2-4
Feed Processing Equipment,Pellet Mill,pellet mill warranty UAE,28,Low,Commercial,UAE,56,2-4
Feed Processing Equipment,Pellet Mill,pellet mill guarantee Dubai,25,Low,Commercial,Dubai,50,2-4
Water & Beverage Processing,Water Treatment Plant,RO plant warranty UAE,42,Medium,Commercial,UAE,42,4-6
Filling & Packaging,Rotary Filling Machine,filling machine warranty Dubai,38,Medium,Commercial,Dubai,38,4-6
Feed Processing Equipment,Pellet Mill,pellet mill delivery UAE,30,Low,Commercial,UAE,60,2-4
Feed Processing Equipment,Pellet Mill,pellet mill shipping Dubai,28,Low,Commercial,Dubai,56,2-4
Complete Solutions,Animal Feed Production Line,feed mill delivery UAE,35,Low,Commercial,UAE,70,2-4
Complete Solutions,Animal Feed Production Line,feed mill installation Dubai,32,Low,Commercial,Dubai,64,2-4
Feed Processing Equipment,Pellet Mill,pellet mill financing UAE,25,Low,Commercial,UAE,50,2-4
Complete Solutions,Animal Feed Production Line,feed mill financing Dubai,30,Low,Commercial,Dubai,60,2-4
Water & Beverage Processing,Water Treatment Plant,RO plant financing UAE,35,Medium,Commercial,UAE,35,4-6
Feed Processing Equipment,Pellet Mill,pellet mill payment terms,28,Low,Commercial,Global,56,2-4
Complete Solutions,Animal Feed Production Line,feed mill payment terms UAE,32,Low,Commercial,UAE,64,2-4
Feed Processing Equipment,Pellet Mill,pellet mill lead time UAE,22,Low,Commercial,UAE,44,2-4
Feed Processing Equipment,Pellet Mill,pellet mill production time,20,Low,Commercial,Global,40,2-4
Complete Solutions,Animal Feed Production Line,feed mill lead time Dubai,28,Low,Commercial,Dubai,56,2-4
Feed Processing Equipment,Pellet Mill,pellet mill certification UAE,30,Low,Commercial,UAE,60,2-4
Feed Processing Equipment,Pellet Mill,pellet mill ISO certification,28,Low,Commercial,Global,56,2-4
Water & Beverage Processing,Water Treatment Plant,RO plant certification Dubai,35,Medium,Commercial,Dubai,35,4-6
Feed Processing Equipment,Pellet Mill,pellet mill CE marking,25,Low,Commercial,Global,50,2-4
Complete Solutions,Animal Feed Production Line,feed mill certification UAE,32,Low,Commercial,UAE,64,2-4
Feed Processing Equipment,Pellet Mill,pellet mill quality control,30,Low,Informational,Global,60,2-4
Feed Processing Equipment,Hammer Mill,hammer mill quality assurance,28,Low,Informational,Global,56,2-4
Water & Beverage Processing,Water Treatment Plant,RO plant quality control UAE,40,Medium,Informational,UAE,40,4-6
Feed Processing Equipment,Pellet Mill,pellet mill testing UAE,25,Low,Commercial,UAE,50,2-4
Complete Solutions,Animal Feed Production Line,feed mill testing Dubai,30,Low,Commercial,Dubai,60,2-4
Feed Processing Equipment,Pellet Mill,pellet mill inspection UAE,22,Low,Commercial,UAE,44,2-4
Feed Processing Equipment,Pellet Mill,pellet mill audit,20,Low,Commercial,Global,40,2-4
Complete Solutions,Animal Feed Production Line,feed mill inspection Dubai,28,Low,Commercial,Dubai,56,2-4
Feed Processing Equipment,Pellet Mill,pellet mill support UAE,30,Low,Commercial,UAE,60,2-4
Feed Processing Equipment,Pellet Mill,pellet mill customer service Dubai,28,Low,Commercial,Dubai,56,2-4
Complete Solutions,Animal Feed Production Line,feed mill support UAE,32,Low,Commercial,UAE,64,2-4
Water & Beverage Processing,Water Treatment Plant,RO plant support Dubai,38,Medium,Commercial,Dubai,38,4-6
Feed Processing Equipment,Pellet Mill,pellet mill consultation UAE,25,Low,Commercial,UAE,50,2-4
Complete Solutions,Animal Feed Production Line,feed mill consultation Dubai,30,Low,Commercial,Dubai,60,2-4
Feed Processing Equipment,Pellet Mill,pellet mill expert UAE,28,Low,Commercial,UAE,56,2-4
Complete Solutions,Animal Feed Production Line,feed mill expert Dubai,32,Low,Commercial,Dubai,64,2-4
Feed Processing Equipment,Pellet Mill,pellet mill specialist UAE,30,Low,Commercial,UAE,60,2-4
Complete Solutions,Animal Feed Production Line,feed mill specialist Dubai,35,Low,Commercial,Dubai,70,2-4
