Product,Long-Tail Keyword,Search Volume,Competition,Intent,Why It's Valuable
Pellet Mill,complete small scale pellet mill setup cost UAE,12,Low,Commercial,Low competition high intent addresses SME segment
Pellet Mill,gear drive vs belt driven pellet mill comparison,18,Low,Commercial,Comparison content opportunity low competition
Pellet Mill,automatic pellet mill with lubrication system UAE,15,Low,Commercial,High commercial intent low competition
Pellet Mill,animal feed pellet mill price per ton UAE,20,Medium,Transactional,Direct purchase intent medium competition
Pellet Mill,how to choose pellet mill capacity for poultry farm,25,Low,Informational,Educational content low competition
Pellet Mill,pellet mill maintenance service Dubai,10,Low,Commercial,Service revenue opportunity
Pellet Mill,used pellet mill for sale UAE,22,Medium,Transactional,Secondary market opportunity
Pellet Mill,pellet mill spare parts supplier Dubai,15,Low,Commercial,Recurring revenue opportunity
Pellet Mill,industrial pellet mill installation UAE,12,Low,Commercial,Service offering low competition
Pellet Mill,pellet mill production capacity calculator,18,Low,Informational,Tool content opportunity
Pellet Mill,small scale pellet mill for chicken feed UAE,14,Low,Commercial,Very specific niche low competition
Pellet Mill,pellet mill energy consumption comparison,16,Low,Informational,Comparison content opportunity
Pellet Mill,complete pellet mill line with hammer mill mixer,20,Low,Commercial,Bundle opportunity low competition
Pellet Mill,pellet mill training course Dubai,8,Low,Commercial,Training service opportunity
Pellet Mill,how much does pellet mill cost in Saudi Arabia,15,Low,Transactional,Geographic expansion opportunity
Hammer Mill,SFSP water drop hammer mill specifications UAE,12,Low,Commercial,Product-specific low competition
Hammer Mill,ultra fine pulverizer for feed production UAE,14,Low,Commercial,Specialized product low competition
Hammer Mill,hammer mill screen size selection guide,18,Low,Informational,Educational content opportunity
Hammer Mill,water drop hammer mill vs traditional hammer mill,16,Low,Informational,Comparison content low competition
Hammer Mill,hammer mill capacity calculation for feed mill,15,Low,Informational,Technical content opportunity
Hammer Mill,hammer mill maintenance schedule Dubai,10,Low,Commercial,Service opportunity
Hammer Mill,SFSP series hammer mill price UAE,12,Low,Transactional,Product-specific pricing
Hammer Mill,hammer mill dust collection system UAE,14,Low,Commercial,Accessory opportunity
Hammer Mill,small scale hammer mill for poultry farm UAE,11,Low,Commercial,Niche market opportunity
Hammer Mill,hammer mill spare parts supplier Dubai,13,Low,Commercial,Recurring revenue
Hammer Mill,how to reduce hammer mill noise level,17,Low,Informational,Problem-solving content
Hammer Mill,hammer mill installation service UAE,9,Low,Commercial,Service offering
Hammer Mill,complete feed grinding system with hammer mill,19,Low,Commercial,System solution opportunity
Hammer Mill,hammer mill production capacity per hour,16,Low,Informational,Technical information
Twin Shaft Mixer,complete twin shaft paddle mixer setup UAE,11,Low,Commercial,Complete solution opportunity
Twin Shaft Mixer,twin shaft mixer vs ribbon mixer comparison,14,Low,Informational,Comparison content
Twin Shaft Mixer,automatic feed mixer with weighing system UAE,13,Low,Commercial,Advanced feature low competition
Twin Shaft Mixer,twin shaft mixer capacity selection guide,15,Low,Informational,Educational content
Twin Shaft Mixer,feed mixer mixing time calculation,12,Low,Informational,Technical content
Twin Shaft Mixer,twin shaft mixer maintenance Dubai,9,Low,Commercial,Service opportunity
Twin Shaft Mixer,industrial feed mixer price UAE,11,Low,Transactional,Pricing information
Twin Shaft Mixer,complete mixing system with twin shaft mixer,16,Low,Commercial,System solution
Twin Shaft Mixer,how to improve feed mixing uniformity,14,Low,Informational,Problem-solving content
Twin Shaft Mixer,small scale feed mixer for farm UAE,10,Low,Commercial,Niche market
Twin Shaft Mixer,twin shaft mixer installation service,8,Low,Commercial,Service offering
Twin Shaft Mixer,feed mixer spare parts Dubai,10,Low,Commercial,Recurring revenue
Twin Shaft Mixer,automatic batch mixer for feed production,15,Low,Commercial,Advanced automation
Twin Shaft Mixer,twin shaft mixer mixing efficiency test,11,Low,Informational,Technical content
Twin Screw Extruder,complete fish feed extruder production line UAE,13,Low,Commercial,Complete solution
Twin Screw Extruder,MFPH series aquatic feed extruder specifications,11,Low,Commercial,Product-specific
Twin Screw Extruder,fish feed extruder capacity selection guide,14,Low,Informational,Educational content
Twin Screw Extruder,twin screw vs single screw extruder comparison,16,Low,Informational,Comparison content
Twin Screw Extruder,extruder die design for fish feed,12,Low,Informational,Technical content
Twin Screw Extruder,fish feed extruder price UAE,13,Low,Transactional,Pricing information
Twin Screw Extruder,complete aquatic feed production with extruder,17,Low,Commercial,System solution
Twin Screw Extruder,extruder maintenance service Dubai,9,Low,Commercial,Service opportunity
Twin Screw Extruder,how to produce floating fish feed,15,Low,Informational,Process content
Twin Screw Extruder,extruder spare parts supplier UAE,10,Low,Commercial,Recurring revenue
Twin Screw Extruder,small scale fish feed extruder UAE,11,Low,Commercial,Niche market
Twin Screw Extruder,extruder installation and training Dubai,8,Low,Commercial,Service bundle
Twin Screw Extruder,extruder production capacity calculator,13,Low,Informational,Tool content
Twin Screw Extruder,complete shrimp feed production line,14,Low,Commercial,Specialized solution
Feed Dryer,MFHG steam dryer specifications UAE,10,Low,Commercial,Product-specific
Feed Dryer,feed dryer capacity calculation guide,12,Low,Informational,Technical content
Feed Dryer,steam dryer vs hot air dryer comparison,13,Low,Informational,Comparison content
Feed Dryer,complete feed drying system setup UAE,11,Low,Commercial,Complete solution
Feed Dryer,feed dryer energy consumption analysis,11,Low,Informational,Cost analysis content
Feed Dryer,feed dryer maintenance Dubai,8,Low,Commercial,Service opportunity
Feed Dryer,small scale feed dryer for farm UAE,9,Low,Commercial,Niche market
Feed Dryer,feed dryer temperature control system,10,Low,Informational,Technical content
Feed Cooler,feed cooler capacity selection guide,10,Low,Informational,Educational content
Feed Cooler,complete feed cooling system UAE,9,Low,Commercial,Complete solution
Feed Cooler,feed cooler efficiency improvement tips,11,Low,Informational,Optimization content
Feed Cooler,feed cooler maintenance service Dubai,7,Low,Commercial,Service opportunity
Water Treatment Plant,complete RO plant installation cost UAE,18,Medium,Commercial,Complete solution medium competition
Water Treatment Plant,industrial RO plant capacity selection guide,16,Medium,Informational,Educational content
Water Treatment Plant,RO plant maintenance service Dubai,12,Low,Commercial,Service opportunity
Water Treatment Plant,reverse osmosis plant price per liter UAE,20,Medium,Transactional,Pricing information
Water Treatment Plant,small scale RO plant for factory UAE,14,Low,Commercial,Niche market
Water Treatment Plant,RO plant water quality testing Dubai,11,Low,Commercial,Service offering
Water Treatment Plant,complete water purification system setup,17,Medium,Commercial,Complete solution
Water Treatment Plant,RO plant energy consumption calculator,15,Low,Informational,Tool content
Water Treatment Plant,industrial water treatment plant supplier Dubai,13,Medium,Commercial,Supplier search
Water Treatment Plant,RO plant spare parts supplier UAE,10,Low,Commercial,Recurring revenue
Water Treatment Plant,how to choose RO plant capacity,19,Medium,Informational,Educational content
Water Treatment Plant,RO plant installation and commissioning,12,Low,Commercial,Service bundle
Water Treatment Plant,water treatment plant automation system,14,Low,Commercial,Advanced feature
Water Treatment Plant,complete beverage water treatment line,16,Medium,Commercial,Industry-specific
Steam Boiler,industrial steam boiler capacity selection UAE,14,Medium,Informational,Educational content
Steam Boiler,steam boiler installation service Dubai,11,Low,Commercial,Service opportunity
Steam Boiler,steam boiler maintenance contract UAE,12,Low,Commercial,Recurring revenue
Steam Boiler,steam boiler price per ton capacity UAE,16,Medium,Transactional,Pricing information
Steam Boiler,complete steam generation system setup,15,Medium,Commercial,Complete solution
Steam Boiler,steam boiler safety inspection Dubai,10,Low,Commercial,Service offering
Steam Boiler,small scale steam boiler for factory UAE,11,Low,Commercial,Niche market
Steam Boiler,steam boiler energy efficiency improvement,13,Low,Informational,Optimization content
Steam Boiler,steam boiler spare parts supplier UAE,9,Low,Commercial,Recurring revenue
Steam Boiler,how to reduce steam boiler fuel consumption,14,Low,Informational,Cost-saving content
Homogenizer/Pasteurizer,homogenizer pasteurizer combination system UAE,12,Low,Commercial,Complete solution
Homogenizer/Pasteurizer,homogenizer capacity selection guide,13,Low,Informational,Educational content
Homogenizer/Pasteurizer,pasteurizer temperature control system,11,Low,Informational,Technical content
Homogenizer/Pasteurizer,complete milk processing line with homogenizer,14,Low,Commercial,Industry-specific
Homogenizer/Pasteurizer,homogenizer maintenance service Dubai,8,Low,Commercial,Service opportunity
Homogenizer/Pasteurizer,pasteurizer price UAE,10,Low,Transactional,Pricing information
Homogenizer/Pasteurizer,homogenizer vs high pressure processing,12,Low,Informational,Comparison content
Homogenizer/Pasteurizer,small scale pasteurizer for dairy UAE,9,Low,Commercial,Niche market
Carbonator,complete carbonation system for beverage production,11,Low,Commercial,Complete solution
Carbonator,carbonator capacity selection guide,10,Low,Informational,Educational content
Carbonator,beverage carbonation system price UAE,9,Low,Transactional,Pricing information
Carbonator,complete soft drink production line with carbonator,13,Low,Commercial,Industry-specific
Carbonator,carbonator maintenance service Dubai,7,Low,Commercial,Service opportunity
Rotary Filling Machine,complete rotary filling line setup cost UAE,14,Medium,Commercial,Complete solution
Rotary Filling Machine,rotary filling machine capacity selection,15,Medium,Informational,Educational content
Rotary Filling Machine,rotary filler maintenance service Dubai,11,Low,Commercial,Service opportunity
Rotary Filling Machine,automatic rotary filling machine price UAE,13,Medium,Transactional,Pricing information
Rotary Filling Machine,complete water bottling line with rotary filler,16,Medium,Commercial,Complete solution
Rotary Filling Machine,rotary filling machine spare parts Dubai,10,Low,Commercial,Recurring revenue
Rotary Filling Machine,how to improve filling accuracy rotary machine,12,Low,Informational,Optimization content
Rotary Filling Machine,small scale rotary filler for factory UAE,10,Low,Commercial,Niche market
Rotary Filling Machine,rotary filling machine installation service,9,Low,Commercial,Service offering
Piston Filling Machine,piston filling machine for viscous products UAE,12,Low,Commercial,Application-specific
Piston Filling Machine,piston filler capacity selection guide,13,Low,Informational,Educational content
Piston Filling Machine,complete filling line with piston filler,14,Low,Commercial,Complete solution
Piston Filling Machine,piston filling machine price UAE,11,Low,Transactional,Pricing information
Piston Filling Machine,piston filler maintenance service Dubai,9,Low,Commercial,Service opportunity
Piston Filling Machine,how to choose piston vs rotary filler,15,Low,Informational,Comparison content
Piston Filling Machine,automatic piston filling machine UAE,12,Low,Commercial,Advanced feature
Piston Filling Machine,small scale piston filler for factory,10,Low,Commercial,Niche market
Labeling Machine,complete BOPP labeling system setup UAE,12,Low,Commercial,Product-specific solution
Labeling Machine,BOPP vs shrink labeling comparison,14,Low,Informational,Comparison content
Labeling Machine,labeling machine speed selection guide,13,Low,Informational,Educational content
Labeling Machine,automatic labeling machine price UAE,12,Medium,Transactional,Pricing information
Labeling Machine,complete packaging line with labeling machine,15,Medium,Commercial,Complete solution
Labeling Machine,labeling machine maintenance service Dubai,10,Low,Commercial,Service opportunity
Labeling Machine,shrink labeling machine for bottles UAE,11,Low,Commercial,Application-specific
Labeling Machine,labeling machine spare parts supplier,9,Low,Commercial,Recurring revenue
Labeling Machine,how to improve labeling accuracy,12,Low,Informational,Optimization content
PET Blowing Machine,complete PET bottle production line UAE,15,Medium,Commercial,Complete solution
PET Blowing Machine,PET blowing machine capacity selection,14,Medium,Informational,Educational content
PET Blowing Machine,PET blower maintenance service Dubai,11,Low,Commercial,Service opportunity
PET Blowing Machine,PET blowing machine price UAE,13,Medium,Transactional,Pricing information
PET Blowing Machine,complete PET bottle manufacturing setup,16,Medium,Commercial,Complete solution
PET Blowing Machine,PET blower spare parts supplier Dubai,10,Low,Commercial,Recurring revenue
PET Blowing Machine,how to reduce PET bottle production cost,13,Low,Informational,Cost optimization
PET Blowing Machine,small scale PET blower for factory UAE,10,Low,Commercial,Niche market
Stainless Steel Tanks,complete stainless steel tank fabrication UAE,16,Medium,Commercial,Complete solution
Stainless Steel Tanks,mixing tank capacity selection guide,15,Medium,Informational,Educational content
Stainless Steel Tanks,stainless steel tank maintenance Dubai,12,Low,Commercial,Service opportunity
Stainless Steel Tanks,stainless steel tank price per liter UAE,18,Medium,Transactional,Pricing information
Stainless Steel Tanks,complete storage tank system setup,17,Medium,Commercial,Complete solution
Stainless Steel Tanks,custom stainless steel tank fabrication Dubai,14,Low,Commercial,Custom solution
Stainless Steel Tanks,blending vessel with agitator system UAE,13,Low,Commercial,Complete solution
Stainless Steel Tanks,stainless steel tank cleaning service,11,Low,Commercial,Service offering
Stainless Steel Tanks,how to choose tank material grade,16,Medium,Informational,Educational content
Stainless Steel Tanks,small scale mixing tank for factory UAE,12,Low,Commercial,Niche market
Fermentation Tank,complete fermentation system setup UAE,11,Low,Commercial,Complete solution
Fermentation Tank,fermentation tank capacity selection guide,12,Low,Informational,Educational content
Fermentation Tank,fermentation tank temperature control system,10,Low,Informational,Technical content
Fermentation Tank,fermentation tank price UAE,9,Low,Transactional,Pricing information
Fermentation Tank,complete brewery fermentation system,13,Low,Commercial,Industry-specific
Fermentation Tank,fermentation tank maintenance service Dubai,8,Low,Commercial,Service opportunity
Fermentation Tank,how to improve fermentation efficiency,11,Low,Informational,Optimization content
Fermentation Tank,small scale fermentation tank UAE,9,Low,Commercial,Niche market
Animal Feed Production Line,complete turnkey feed mill setup cost UAE,22,Low,Commercial,Complete solution low competition
Animal Feed Production Line,1 ton per hour feed mill price UAE,18,Low,Commercial,Capacity-specific
Animal Feed Production Line,complete feed production line installation,20,Low,Commercial,Service bundle
Animal Feed Production Line,feed mill capacity selection guide,19,Low,Informational,Educational content
Animal Feed Production Line,complete poultry feed production line UAE,21,Low,Commercial,Industry-specific
Animal Feed Production Line,feed mill automation system setup,17,Low,Commercial,Advanced feature
Animal Feed Production Line,small scale feed mill for farm UAE,16,Low,Commercial,Niche market
Animal Feed Production Line,feed production line maintenance contract,14,Low,Commercial,Recurring revenue
Animal Feed Production Line,how to set up feed mill Dubai,23,Low,Informational,High search volume
Animal Feed Production Line,complete feed mill with pellet mill mixer,19,Low,Commercial,Complete solution
Animal Feed Production Line,feed mill ROI calculation guide,15,Low,Informational,Financial content
Animal Feed Production Line,5 ton per hour feed production line,17,Low,Commercial,Capacity-specific
Animal Feed Production Line,feed mill training and commissioning,13,Low,Commercial,Service bundle
Aquatic Feed Production Line,complete fish feed plant setup cost UAE,16,Low,Commercial,Complete solution
Aquatic Feed Production Line,fish feed production line capacity selection,15,Low,Informational,Educational content
Aquatic Feed Production Line,complete shrimp feed production line UAE,14,Low,Commercial,Specialized solution
Aquatic Feed Production Line,fish feed plant installation service,13,Low,Commercial,Service offering
Aquatic Feed Production Line,how to produce floating fish feed,17,Low,Informational,Process content
Aquatic Feed Production Line,complete aquatic feed mill with extruder,18,Low,Commercial,Complete solution
Aquatic Feed Production Line,fish feed plant automation system,14,Low,Commercial,Advanced feature
Aquatic Feed Production Line,small scale fish feed plant UAE,12,Low,Commercial,Niche market
Aquatic Feed Production Line,fish feed production line maintenance,11,Low,Commercial,Service opportunity
Aquatic Feed Production Line,complete aquatic feed production setup,16,Low,Commercial,Complete solution

