Product,Question,Search Volume,Answer Difficulty,Content Type Needed
Pellet Mill,How to choose a pellet mill?,28,Medium,Comprehensive buying guide (2000 words)
Pellet Mill,What is the cost of pellet mill in UAE?,22,Low,Pricing guide with factors (1500 words)
Pellet Mill,How does a pellet mill work?,25,Medium,Technical explanation with diagrams (1800 words)
Pellet Mill,Best pellet mill supplier in Dubai?,18,Low,Comparison article (1500 words)
Pellet Mill,Pellet mill vs feed mixer?,20,Low,Comparison guide (1200 words)
Pellet Mill,What is the difference between gear drive and belt driven pellet mills?,24,Low,Detailed comparison (2000 words)
Pellet Mill,How to set up a pellet mill?,19,Medium,Installation guide (1800 words)
Pellet Mill,What capacity pellet mill do I need?,21,Medium,Capacity calculator guide (1500 words)
Pellet Mill,How to maintain a pellet mill?,16,Low,Maintenance guide (1200 words)
Pellet Mill,Pellet mill price per ton?,15,Low,Pricing breakdown (1000 words)
Pellet Mill,How much does a pellet mill cost in Saudi Arabia?,17,Low,Geographic pricing guide (1200 words)
Pellet Mill,What is the production capacity of a pellet mill?,18,Medium,Technical specifications guide (1500 words)
Pellet Mill,How to improve pellet mill efficiency?,14,Low,Optimization tips (1200 words)
Pellet Mill,What are pellet mill spare parts?,12,Low,Parts catalog with descriptions (1000 words)
Pellet Mill,How to operate a pellet mill safely?,13,Low,Safety guide (1200 words)
Hammer Mill,How to choose a hammer mill?,23,Medium,Buying guide (2000 words)
Hammer Mill,What is the cost of hammer mill in UAE?,18,Low,Pricing guide (1500 words)
Hammer Mill,How does a hammer mill work?,21,Medium,Technical explanation (1800 words)
Hammer Mill,Best hammer mill supplier in Dubai?,15,Low,Comparison article (1500 words)
Hammer Mill,SFSP hammer mill vs traditional hammer mill?,19,Low,Comparison guide (1800 words)
Hammer Mill,What is a water drop hammer mill?,17,Low,Product explanation (1200 words)
Hammer Mill,How to select hammer mill screen size?,20,Medium,Technical guide (1500 words)
Hammer Mill,What capacity hammer mill do I need?,18,Medium,Capacity selection guide (1500 words)
Hammer Mill,How to maintain a hammer mill?,14,Low,Maintenance guide (1200 words)
Hammer Mill,Hammer mill price in UAE?,13,Low,Pricing information (1000 words)
Hammer Mill,How to reduce hammer mill noise?,15,Low,Problem-solving guide (1200 words)
Hammer Mill,What is ultra fine pulverizer?,16,Low,Product explanation (1200 words)
Hammer Mill,How to calculate hammer mill capacity?,17,Medium,Technical calculator guide (1500 words)
Twin Shaft Mixer,How to choose a twin shaft mixer?,20,Medium,Buying guide (2000 words)
Twin Shaft Mixer,What is the cost of twin shaft mixer in UAE?,16,Low,Pricing guide (1500 words)
Twin Shaft Mixer,How does a twin shaft mixer work?,19,Medium,Technical explanation (1800 words)
Twin Shaft Mixer,Best twin shaft mixer supplier in Dubai?,14,Low,Comparison article (1500 words)
Twin Shaft Mixer,Twin shaft mixer vs ribbon mixer?,18,Low,Comparison guide (1800 words)
Twin Shaft Mixer,What capacity mixer do I need?,17,Medium,Capacity selection guide (1500 words)
Twin Shaft Mixer,How to improve mixing uniformity?,15,Low,Optimization guide (1200 words)
Twin Shaft Mixer,How to maintain a twin shaft mixer?,13,Low,Maintenance guide (1200 words)
Twin Shaft Mixer,What is paddle mixer?,14,Low,Product explanation (1000 words)
Twin Shaft Mixer,How to calculate mixing time?,16,Medium,Technical guide (1500 words)
Twin Screw Extruder,How to choose a twin screw extruder?,19,Medium,Buying guide (2000 words)
Twin Screw Extruder,What is the cost of fish feed extruder in UAE?,15,Low,Pricing guide (1500 words)
Twin Screw Extruder,How does a fish feed extruder work?,18,Medium,Technical explanation (1800 words)
Twin Screw Extruder,Best fish feed extruder supplier in Dubai?,13,Low,Comparison article (1500 words)
Twin Screw Extruder,Twin screw vs single screw extruder?,17,Low,Comparison guide (1800 words)
Twin Screw Extruder,What is MFPH extruder?,14,Low,Product explanation (1200 words)
Twin Screw Extruder,How to produce floating fish feed?,16,Medium,Process guide (1800 words)
Twin Screw Extruder,What capacity extruder do I need?,15,Medium,Capacity selection guide (1500 words)
Twin Screw Extruder,How to maintain an extruder?,12,Low,Maintenance guide (1200 words)
Twin Screw Extruder,How to choose extruder die?,13,Medium,Technical guide (1500 words)
Feed Dryer,How to choose a feed dryer?,17,Medium,Buying guide (2000 words)
Feed Dryer,What is the cost of feed dryer in UAE?,13,Low,Pricing guide (1500 words)
Feed Dryer,How does a feed dryer work?,16,Medium,Technical explanation (1800 words)
Feed Dryer,Steam dryer vs hot air dryer?,15,Low,Comparison guide (1800 words)
Feed Dryer,What is MFHG steam dryer?,12,Low,Product explanation (1200 words)
Feed Dryer,How to calculate dryer capacity?,14,Medium,Technical guide (1500 words)
Feed Cooler,How to choose a feed cooler?,15,Medium,Buying guide (2000 words)
Feed Cooler,What is the cost of feed cooler in UAE?,11,Low,Pricing guide (1500 words)
Feed Cooler,How does a feed cooler work?,14,Medium,Technical explanation (1800 words)
Feed Cooler,How to improve cooler efficiency?,12,Low,Optimization guide (1200 words)
Water Treatment Plant,How to choose a water treatment plant?,26,Medium,Buying guide (2500 words)
Water Treatment Plant,What is the cost of RO plant in UAE?,22,Low,Pricing guide (2000 words)
Water Treatment Plant,How does RO plant work?,24,Medium,Technical explanation (2000 words)
Water Treatment Plant,Best RO plant supplier in Dubai?,19,Low,Comparison article (1800 words)
Water Treatment Plant,RO plant vs water filtration system?,21,Low,Comparison guide (2000 words)
Water Treatment Plant,What capacity RO plant do I need?,20,Medium,Capacity selection guide (2000 words)
Water Treatment Plant,How to maintain RO plant?,17,Low,Maintenance guide (1500 words)
Water Treatment Plant,RO plant price per liter?,18,Low,Pricing breakdown (1500 words)
Water Treatment Plant,How to improve RO plant efficiency?,16,Low,Optimization guide (1500 words)
Water Treatment Plant,What is reverse osmosis?,19,Medium,Educational content (1800 words)
Steam Boiler,How to choose a steam boiler?,21,Medium,Buying guide (2000 words)
Steam Boiler,What is the cost of steam boiler in UAE?,17,Low,Pricing guide (1500 words)
Steam Boiler,How does a steam boiler work?,20,Medium,Technical explanation (1800 words)
Steam Boiler,Best steam boiler supplier in Dubai?,15,Low,Comparison article (1500 words)
Steam Boiler,What capacity steam boiler do I need?,18,Medium,Capacity selection guide (1800 words)
Steam Boiler,How to maintain a steam boiler?,14,Low,Maintenance guide (1500 words)
Steam Boiler,How to reduce steam boiler fuel consumption?,16,Low,Cost-saving guide (1500 words)
Steam Boiler,Steam boiler safety requirements?,15,Low,Safety guide (1500 words)
Homogenizer/Pasteurizer,How to choose a homogenizer?,18,Medium,Buying guide (2000 words)
Homogenizer/Pasteurizer,What is the cost of homogenizer in UAE?,14,Low,Pricing guide (1500 words)
Homogenizer/Pasteurizer,How does a homogenizer work?,17,Medium,Technical explanation (1800 words)
Homogenizer/Pasteurizer,Homogenizer vs high pressure processing?,16,Low,Comparison guide (1800 words)
Homogenizer/Pasteurizer,How to choose a pasteurizer?,17,Medium,Buying guide (2000 words)
Homogenizer/Pasteurizer,What is the cost of pasteurizer in UAE?,13,Low,Pricing guide (1500 words)
Homogenizer/Pasteurizer,How does pasteurization work?,15,Medium,Technical explanation (1800 words)
Carbonator,How to choose a carbonator?,15,Medium,Buying guide (2000 words)
Carbonator,What is the cost of carbonation system in UAE?,12,Low,Pricing guide (1500 words)
Carbonator,How does carbonation work?,14,Medium,Technical explanation (1800 words)
Carbonator,What is beverage mixer?,13,Low,Product explanation (1200 words)
Rotary Filling Machine,How to choose a rotary filling machine?,22,Medium,Buying guide (2000 words)
Rotary Filling Machine,What is the cost of rotary filler in UAE?,18,Low,Pricing guide (1500 words)
Rotary Filling Machine,How does a rotary filling machine work?,21,Medium,Technical explanation (1800 words)
Rotary Filling Machine,Best rotary filling machine supplier in Dubai?,16,Low,Comparison article (1500 words)
Rotary Filling Machine,Rotary filler vs piston filler?,19,Low,Comparison guide (1800 words)
Rotary Filling Machine,What capacity rotary filler do I need?,17,Medium,Capacity selection guide (1500 words)
Rotary Filling Machine,How to improve filling accuracy?,15,Low,Optimization guide (1200 words)
Piston Filling Machine,How to choose a piston filling machine?,20,Medium,Buying guide (2000 words)
Piston Filling Machine,What is the cost of piston filler in UAE?,16,Low,Pricing guide (1500 words)
Piston Filling Machine,How does a piston filling machine work?,19,Medium,Technical explanation (1800 words)
Piston Filling Machine,Best piston filling machine supplier in Dubai?,14,Low,Comparison article (1500 words)
Piston Filling Machine,When to use piston vs rotary filler?,18,Low,Comparison guide (1800 words)
Piston Filling Machine,What capacity piston filler do I need?,16,Medium,Capacity selection guide (1500 words)
Labeling Machine,How to choose a labeling machine?,24,Medium,Buying guide (2000 words)
Labeling Machine,What is the cost of labeling machine in UAE?,20,Low,Pricing guide (1500 words)
Labeling Machine,How does a labeling machine work?,23,Medium,Technical explanation (1800 words)
Labeling Machine,Best labeling machine supplier in Dubai?,18,Low,Comparison article (1500 words)
Labeling Machine,BOPP vs shrink labeling?,21,Low,Comparison guide (1800 words)
Labeling Machine,What is BOPP labeling machine?,19,Low,Product explanation (1500 words)
Labeling Machine,What is shrink labeling machine?,17,Low,Product explanation (1500 words)
Labeling Machine,How to improve labeling accuracy?,16,Low,Optimization guide (1200 words)
PET Blowing Machine,How to choose a PET blowing machine?,23,Medium,Buying guide (2000 words)
PET Blowing Machine,What is the cost of PET blower in UAE?,19,Low,Pricing guide (1500 words)
PET Blowing Machine,How does a PET blowing machine work?,22,Medium,Technical explanation (1800 words)
PET Blowing Machine,Best PET blowing machine supplier in Dubai?,17,Low,Comparison article (1500 words)
PET Blowing Machine,What capacity PET blower do I need?,18,Medium,Capacity selection guide (1500 words)
PET Blowing Machine,How to reduce PET bottle production cost?,16,Low,Cost optimization guide (1500 words)
Stainless Steel Tanks,How to choose stainless steel tanks?,25,Medium,Buying guide (2000 words)
Stainless Steel Tanks,What is the cost of stainless steel tank in UAE?,21,Low,Pricing guide (2000 words)
Stainless Steel Tanks,How to choose tank capacity?,20,Medium,Capacity selection guide (1800 words)
Stainless Steel Tanks,Mixing tank vs storage tank?,22,Low,Comparison guide (1800 words)
Stainless Steel Tanks,What is blending vessel?,18,Low,Product explanation (1500 words)
Stainless Steel Tanks,How to maintain stainless steel tanks?,17,Low,Maintenance guide (1500 words)
Stainless Steel Tanks,Stainless steel tank price per liter?,19,Low,Pricing breakdown (1500 words)
Stainless Steel Tanks,How to choose tank material grade?,20,Medium,Technical guide (2000 words)
Fermentation Tank,How to choose a fermentation tank?,19,Medium,Buying guide (2000 words)
Fermentation Tank,What is the cost of fermentation tank in UAE?,15,Low,Pricing guide (1500 words)
Fermentation Tank,How does a fermentation tank work?,18,Medium,Technical explanation (1800 words)
Fermentation Tank,What capacity fermentation tank do I need?,16,Medium,Capacity selection guide (1500 words)
Fermentation Tank,How to improve fermentation efficiency?,14,Low,Optimization guide (1500 words)
Animal Feed Production Line,How to set up a feed mill?,28,High,Comprehensive guide (3000 words)
Animal Feed Production Line,What is the cost of feed production line in UAE?,24,Low,Pricing guide (2500 words)
Animal Feed Production Line,How to choose feed mill capacity?,22,Medium,Capacity selection guide (2000 words)
Animal Feed Production Line,Complete feed mill vs individual equipment?,25,Low,Comparison guide (2500 words)
Animal Feed Production Line,Best feed production line supplier in Dubai?,20,Low,Comparison article (2000 words)
Animal Feed Production Line,How to set up feed mill Dubai?,26,Medium,Location-specific guide (2500 words)
Animal Feed Production Line,What is turnkey feed plant?,21,Low,Concept explanation (1800 words)
Animal Feed Production Line,Feed mill ROI calculation?,19,Medium,Financial guide (2000 words)
Animal Feed Production Line,How to automate feed production line?,18,Medium,Automation guide (2000 words)
Aquatic Feed Production Line,How to set up a fish feed plant?,22,Medium,Comprehensive guide (2500 words)
Aquatic Feed Production Line,What is the cost of fish feed plant in UAE?,18,Low,Pricing guide (2000 words)
Aquatic Feed Production Line,How to produce floating fish feed?,20,Medium,Process guide (2000 words)
Aquatic Feed Production Line,Fish feed plant vs animal feed plant?,19,Low,Comparison guide (2000 words)
Aquatic Feed Production Line,Best fish feed plant supplier in Dubai?,16,Low,Comparison article (1800 words)
Aquatic Feed Production Line,How to set up shrimp feed line?,17,Medium,Specialized guide (2000 words)

