Keyword,Current Top Rankers,Competition Strength,Our Opportunity,Recommended Action
gear drive pellet mill UAE,Alibaba IndiaMART,Low,High - No local MEA suppliers ranking,Create detailed product page with UAE focus
belt driven pellet mill Dubai,Alibaba forums,Low,High - Weak competition,Create comparison content vs gear drive
SFSP hammer mill UAE,No strong MEA competitors,Low,Very High - Blue ocean opportunity,Create dedicated SFSP product page
water drop hammer mill Dubai,Alibaba only,Low,Very High - No local presence,Create technical specification page
ultra fine pulverizer UAE,IndiaMART only,Low,High - Niche opportunity,Create product page with applications
twin shaft mixer Dubai,1-2 weak suppliers,Low-Medium,High - Limited competition,Create comprehensive product page
paddle mixer UAE,Alibaba,Low,High - Low competition,Create comparison content paddle vs ribbon
twin screw extruder UAE,Alibaba,Low,High - No strong MEA presence,Create dedicated extruder page
MFPH extruder,No competitors,Very Low,Very High - Unique product,Create detailed technical page
fish feed extruder Dubai,Weak suppliers,Low,High - Growing market,Create industry-specific content
aquatic feed extruder UAE,No strong competitors,Low,Very High - Blue ocean,Create complete solution page
feed dryer UAE,Alibaba,Low,High - Service opportunity,Create product + service page
MFHG steam dryer,No competitors,Very Low,Very High - Unique product,Create technical specification page
feed cooler Dubai,Alibaba,Low,High - Low competition,Create product page with benefits
complete feed mill UAE,1-2 suppliers weak content,Low-Medium,High - Turnkey opportunity,Create comprehensive solution page
turnkey feed plant Dubai,No strong competitors,Low,Very High - High-value opportunity,Create detailed project page
1 ton per hour feed mill,Alibaba only,Low,High - SME market,Create capacity-specific landing page
5 ton per hour feed mill,Alibaba only,Low,High - Mid-market,Create capacity-specific landing page
fish feed plant UAE,Weak suppliers,Low,High - Growing aquaculture,Create industry solution page
shrimp feed line Dubai,No competitors,Very Low,Very High - Niche opportunity,Create specialized solution page
complete RO plant UAE,Multiple suppliers weak SEO,Medium,Medium-High - Improve content,Create comprehensive solution page
industrial RO plant Dubai,2-3 suppliers,Medium,Medium - Competitive but winnable,Create technical specification page
small scale RO plant,Alibaba only,Low,High - SME market,Create capacity-specific page
RO plant maintenance service,No dedicated pages,Low,High - Service revenue,Create service landing page
steam boiler supplier Dubai,Multiple suppliers,Medium-High,Medium - Competitive,Create comparison content
industrial steam boiler UAE,2-3 suppliers,Medium,Medium - Winnable,Create technical page
homogenizer UAE,Alibaba only,Low,High - Low competition,Create product page with applications
pasteurizer Dubai,Alibaba,Low,High - Service opportunity,Create product + service page
homogenizer pasteurizer system,No competitors,Very Low,Very High - Complete solution,Create system page
carbonator UAE,No strong competitors,Low,Very High - Blue ocean,Create product page
beverage mixer Dubai,Weak suppliers,Low,High - Low competition,Create application-specific page
rotary filling machine UAE,Al Thika Packaging weak,Low-Medium,High - Competitive advantage,Create comparison content
automatic rotary filler Dubai,1-2 suppliers,Low-Medium,High - Automation focus,Create technical page
piston filling machine UAE,Alibaba,Low,High - Low competition,Create product page
piston vs rotary filler comparison,No good content,Low,High - Content gap,Create detailed comparison
BOPP labeling machine UAE,No strong competitors,Low,Very High - Unique product,Create dedicated product page
shrink labeling machine Dubai,Alibaba only,Low,High - Low competition,Create product page
sticker labeling machine UAE,Alibaba,Low,High - Low competition,Create product page
labeling machine comparison,No good content,Low,High - Content opportunity,Create comparison guide
PET blowing machine UAE,2-3 suppliers,Medium,Medium - Competitive,Create technical specification
PET bottle production line,1-2 suppliers weak,Low-Medium,High - Complete solution,Create system page
stainless steel mixing tank Dubai,Multiple suppliers,Medium-High,Medium - Competitive,Create technical page
blending vessel UAE,Alibaba only,Low,High - Low competition,Create product page
custom stainless steel tank,Weak suppliers,Low,High - Custom solution,Create custom fabrication page
fermentation tank Dubai,Alibaba,Low,High - Low competition,Create product page
fermentation system UAE,No competitors,Very Low,Very High - Complete solution,Create system page
complete water bottling line,1-2 suppliers weak,Low-Medium,High - Turnkey opportunity,Create solution page
complete beverage production line,No strong competitors,Low,Very High - High-value,Create comprehensive solution
feed mill automation system,No dedicated content,Low,High - Advanced feature,Create automation page
feed production line installation,No service pages,Low,High - Service revenue,Create service landing page
feed mill training Dubai,No competitors,Very Low,Very High - Training service,Create training page
feed mill maintenance contract,No dedicated pages,Low,High - Recurring revenue,Create service page
RO plant installation service,No dedicated pages,Low,High - Service opportunity,Create service landing page
water treatment plant commissioning,No content,Low,High - Service revenue,Create service page
steam boiler maintenance contract,No dedicated pages,Low,High - Recurring revenue,Create service page
filling machine installation service,No content,Low,High - Service opportunity,Create service page
labeling machine maintenance Dubai,No dedicated pages,Low,High - Service revenue,Create service page
tank fabrication service UAE,Weak suppliers,Low,High - Custom service,Create service page
feed mill spare parts supplier,Alibaba only,Low,High - Recurring revenue,Create parts catalog page
extruder spare parts Dubai,Alibaba,Low,High - Recurring revenue,Create parts page
how to set up feed mill Dubai,Weak content,Low,High - High search volume,Create comprehensive guide
feed mill capacity calculator,No tools,Low,High - Tool opportunity,Create interactive calculator
feed mill ROI calculator,No tools,Low,High - Tool opportunity,Create financial calculator
RO plant capacity calculator,No tools,Low,High - Tool opportunity,Create technical calculator
pellet mill vs feed mixer,No good comparison,Low,High - Content gap,Create comparison article
gear drive vs belt driven pellet mill,Weak content,Low,High - High search volume,Create detailed comparison
SFSP vs traditional hammer mill,No content,Low,High - Product differentiation,Create comparison page
twin shaft vs ribbon mixer,No good content,Low,High - Content opportunity,Create comparison guide
twin screw vs single screw extruder,Weak content,Low,High - Technical content,Create technical comparison
steam dryer vs hot air dryer,No content,Low,High - Product differentiation,Create comparison page
rotary vs piston filler,Weak content,Low,High - High search volume,Create detailed comparison
BOPP vs shrink labeling,No good content,Low,High - Product comparison,Create comparison guide
mixing tank vs storage tank,No content,Low,High - Educational content,Create comparison article
complete feed mill vs individual equipment,Weak content,Low,High - Solution selling,Create comparison guide
feed mill for poultry farm UAE,Alibaba only,Low,High - Industry-specific,Create industry landing page
feed mill for cattle farm,Alibaba only,Low,High - Industry-specific,Create industry page
fish feed plant for aquaculture,Weak content,Low,High - Industry solution,Create industry-specific page
water treatment for beverage industry,Weak content,Low,High - Industry focus,Create industry page
RO plant for factory UAE,Alibaba only,Low,High - Application-specific,Create application page
small scale feed mill setup,No good guides,Low,High - SME market,Create setup guide
feed mill project cost breakdown,No content,Low,High - Financial content,Create cost analysis
feed production line efficiency tips,No content,Low,High - Optimization content,Create tips article
feed mill safety guidelines,Weak content,Low,High - Safety content,Create safety guide
RO plant water quality standards,Weak content,Low,High - Technical content,Create standards guide
feed mill automation benefits,No content,Low,High - Advanced feature,Create benefits page
complete feed mill installation process,No good guides,Low,High - Service content,Create process guide
feed mill commissioning checklist,No content,Low,High - Service content,Create checklist
feed production line troubleshooting,No content,Low,High - Support content,Create troubleshooting guide
feed mill energy efficiency,Weak content,Low,High - Cost-saving content,Create efficiency guide
RO plant maintenance schedule,No good content,Low,High - Service content,Create maintenance guide
RICHI Machinery pellet mill alternative,RICHI ranking,Medium,Medium - Differentiation,Create comparison page highlighting our advantages
AMANDUS KAHL vs Pacific Unity,AMANDUS KAHL ranking,High,Low - Established brand,Focus on service and local support
Al Thika Packaging filling machine comparison,Al Thika ranking,Medium,Medium-High - Competitive,Create detailed comparison
Keyul Enterprise feed mill alternative,Keyul weak SEO,Low,High - Opportunity,Create comparison content
Alantech equipment comparison,Alantech ranking,Medium,Medium - Competitive,Create differentiation content
feed mill supplier Dubai vs China,Alibaba dominating,Low,High - Local advantage,Create local vs import comparison
RO plant local supplier advantage,Multiple importers,Medium,Medium - Local service,Create local support benefits page
feed production line warranty UAE,No dedicated content,Low,High - Trust building,Create warranty page
feed mill after-sales service Dubai,Weak content,Low,High - Service differentiation,Create service page
complete feed mill financing UAE,No content,Low,High - Sales enablement,Create financing page
feed production line payment terms,No content,Low,High - Sales support,Create payment terms page
feed mill delivery time UAE,No content,Low,High - Logistics info,Create delivery information
feed production line customs clearance,No content,Low,High - Value-add service,Create customs guide
feed mill technical support Dubai,Weak content,Low,High - Support service,Create support page
feed production line case studies,No content,Low,High - Social proof,Create case studies section
feed mill customer testimonials,Weak content,Low,High - Trust building,Create testimonials page
feed production line video tour,No content,Low,High - Engagement,Create video content
feed mill virtual tour,No content,Low,High - Modern approach,Create virtual experience
feed production line FAQ,Weak content,Low,High - Support content,Create comprehensive FAQ
feed mill technical specifications,Weak content,Low,High - Technical content,Create detailed specs
feed production line certifications,No content,Low,High - Trust building,Create certifications page
feed mill ISO certification,No content,Low,High - Credibility,Create certification page
