Rank,Product Category,Product,Keyword,Search Volume,Competition,Intent,Geographic Focus,Priority Score,Ranking Difficulty,Business Value Score,Quick Win,Why Rank This
1,Feed Processing Equipment,Hammer Mill,hammer mill price UAE,350,Medium,Transactional,UAE,175,4-6 months,210,No,High volume + Transactional intent + Primary market
2,Feed Processing Equipment,Hammer Mill,hammer mill UAE,350,Medium,Commercial,UAE,157,4-6 months,172,No,High volume + Primary market
3,,,feed production line Dubai,350,Medium,Commercial,Dubai,157,4-6 months,172,No,High volume + Primary market
4,,,feed production line UAE,350,Medium,Commercial,UAE,157,4-6 months,172,No,High volume + Primary market
5,Complete Solutions,Animal Feed Production Line,animal feed production line Dubai,350,Medium,Commercial,Dubai,157,4-6 months,172,No,High volume + Primary market
6,Complete Solutions,Animal Feed Production Line,animal feed production line UAE,350,Medium,Commercial,UAE,157,4-6 months,172,No,High volume + Primary market
7,Water & Beverage Processing,Water Treatment Plant,water treatment plant Dubai,350,Medium,Commercial,Dubai,157,4-6 months,172,No,High volume + Primary market
8,Filling & Packaging,Labeling Machine,labeling machine Dubai,350,Medium,Commercial,Dubai,157,4-6 months,172,No,High volume + Primary market
9,Filling & Packaging,Labeling Machine,labeling machine UAE,350,Medium,Commercial,UAE,157,4-6 months,172,No,High volume + Primary market
10,Filling & Packaging,Rotary Filling Machine,rotary filling machine UAE,350,Medium,Commercial,UAE,157,4-6 months,172,No,High volume + Primary market
11,Tanks & Vessels,Stainless Steel Tanks,stainless steel tanks Dubai,350,Medium,Commercial,Dubai,157,4-6 months,172,No,High volume + Primary market
12,Tanks & Vessels,Stainless Steel Tanks,storage tank Dubai,350,Medium,Commercial,Dubai,157,4-6 months,172,No,High volume + Primary market
13,Complete Solutions,Aquatic Feed Production Line,fish feed plant Dubai,350,Medium,Commercial,Dubai,157,4-6 months,172,No,High volume + Primary market
14,Filling & Packaging,Rotary Filling Machine,rotary filling machine supplier UAE,350,Medium,Commercial,UAE,157,4-6 months,172,No,High volume + Primary market + Direct supplier search
15,,,stainless steel tank supplier Dubai,350,Medium,Commercial,Dubai,157,4-6 months,172,No,High volume + Primary market + Direct supplier search
16,,,feed production line supplier Dubai,350,Medium,Commercial,Dubai,157,4-6 months,172,No,High volume + Primary market + Direct supplier search
17,Feed Processing Equipment,Hammer Mill,hammer mill Saudi Arabia,250,Medium,Commercial,Saudi Arabia,112,4-6 months,122,No,High volume + Geographic expansion
18,Water & Beverage Processing,Water Treatment Plant,water treatment plant Saudi Arabia,250,Medium,Commercial,Saudi Arabia,112,4-6 months,122,No,High volume + Geographic expansion
19,Complete Solutions,Animal Feed Production Line,feed production line Saudi Arabia,250,Medium,Commercial,Saudi Arabia,112,4-6 months,122,No,High volume + Geographic expansion
20,Feed Processing Equipment,Hammer Mill,hammer mill supplier UAE,350,High,Commercial,UAE,105,9-12 months,120,No,High volume + Primary market + Direct supplier search
21,Feed Processing Equipment,Hammer Mill,industrial hammer mill UAE,350,High,Commercial,UAE,105,9-12 months,120,No,High volume + Primary market
22,Water & Beverage Processing,Water Treatment Plant,water treatment plant price UAE,140,Medium,Transactional,UAE,70,4-6 months,100,No,Good volume + Transactional intent + Primary market
23,Feed Processing Equipment,Pellet Mill,fish feed pellet mill,100,Low,Commercial,Global,60,2-4 months,80,Yes,Good volume + Low competition
24,Feed Processing Equipment,Hammer Mill,water drop hammer mill,100,Low,Commercial,Global,60,2-4 months,80,Yes,Good volume + Low competition
25,Feed Processing Equipment,Twin Shaft Mixer,feed mixer Dubai,140,Medium,Commercial,Dubai,63,4-6 months,73,No,Good volume + Primary market
26,Feed Processing Equipment,Feed Dryer,feed dryer UAE,140,Medium,Commercial,UAE,63,4-6 months,73,No,Good volume + Primary market
27,Feed Processing Equipment,Feed Cooler,feed cooler UAE,140,Medium,Commercial,UAE,63,4-6 months,73,No,Good volume + Primary market
28,Feed Processing Equipment,Feed Cooler,feed cooler Dubai,140,Medium,Commercial,Dubai,63,4-6 months,73,No,Good volume + Primary market
29,Feed Processing Equipment,Feed Cooler,feed cooler supplier UAE,140,Medium,Commercial,UAE,63,4-6 months,73,No,Good volume + Primary market + Direct supplier search
30,Water & Beverage Processing,Water Treatment Plant,water treatment plant UAE,140,Medium,Commercial,UAE,63,4-6 months,73,No,Good volume + Primary market
31,Water & Beverage Processing,Water Treatment Plant,water treatment plant supplier UAE,140,Medium,Commercial,UAE,63,4-6 months,73,No,Good volume + Primary market + Direct supplier search
32,Complete Solutions,Aquatic Feed Production Line,fish feed plant UAE,140,Medium,Commercial,UAE,63,4-6 months,73,No,Good volume + Primary market
33,,,complete feed mill installation Dubai,140,Medium,Commercial,Dubai,63,4-6 months,73,No,Good volume + Primary market + Complete solution
34,,,automatic labeling machine Dubai,140,Medium,Commercial,Dubai,63,4-6 months,73,No,Good volume + Primary market
35,Feed Processing Equipment,Twin Screw Extruder,fish feed extruder,75,Low,Commercial,Global,45,2-4 months,60,Yes,Low competition
36,Feed Processing Equipment,Pellet Mill,pellet mill price UAE,21,Low,Transactional,UAE,14,2-4 months,54,Yes,Low competition + Transactional intent + Primary market
37,Filling & Packaging,PET Blowing Machine,PET blowing machine Dubai,140,High,Commercial,Dubai,42,9-12 months,52,No,Good volume + Primary market
38,Filling & Packaging,Labeling Machine,labeling machine supplier UAE,140,High,Commercial,UAE,42,9-12 months,52,No,Good volume + Primary market + Direct supplier search
39,Complete Solutions,Animal Feed Production Line,1 ton per hour feed mill UAE,52,Low,Commercial,UAE,31,2-4 months,51,Yes,Low competition + Primary market
40,Feed Processing Equipment,Pellet Mill,animal feed pellet mill,100,Medium,Commercial,Global,45,3-6 months,50,No,Good volume
41,Feed Processing Equipment,Pellet Mill,pellet mill Middle East,100,Medium,Commercial,Middle East,45,3-6 months,50,No,Good volume
42,Feed Processing Equipment,Feed Cooler,feed cooler Saudi Arabia,100,Medium,Commercial,Saudi Arabia,45,3-6 months,50,No,Good volume + Geographic expansion
43,Feed Processing Equipment,Pellet Mill,pellet mill cost Dubai,14,Low,Transactional,Dubai,9,2-4 months,49,No,Low competition + Transactional intent + Primary market
44,Feed Processing Equipment,Pellet Mill,pellet mill for sale UAE,14,Low,Transactional,UAE,9,2-4 months,49,No,Low competition + Transactional intent + Primary market
45,Feed Processing Equipment,Pellet Mill,automatic pellet mill UAE,35,Low,Commercial,UAE,21,2-4 months,41,Yes,Low competition + Primary market
46,,,fish feed pellet mill Dubai,35,Low,Commercial,Dubai,21,2-4 months,41,Yes,Low competition + Primary market
47,,,small scale pellet mill Dubai,35,Low,Commercial,Dubai,21,2-4 months,41,Yes,Low competition + Primary market
48,Feed Processing Equipment,Pellet Mill,gear drive pellet mill UAE,70,Medium,Commercial,UAE,31,3-6 months,36,No,Primary market
49,Feed Processing Equipment,Pellet Mill,gear drive pellet mill Dubai,70,Medium,Commercial,Dubai,31,3-6 months,36,No,Primary market
50,Feed Processing Equipment,Hammer Mill,feed grinder UAE,70,Medium,Commercial,UAE,31,3-6 months,36,No,Primary market
51,Feed Processing Equipment,Twin Shaft Mixer,industrial mixer UAE,70,Medium,Commercial,UAE,31,3-6 months,36,No,Primary market
52,Feed Processing Equipment,Twin Shaft Mixer,automatic feed mixer UAE,70,Medium,Commercial,UAE,31,3-6 months,36,No,Primary market
53,Feed Processing Equipment,Feed Dryer,feed dryer Dubai,70,Medium,Commercial,Dubai,31,3-6 months,36,No,Primary market
54,Feed Processing Equipment,Feed Dryer,steam dryer UAE,70,Medium,Commercial,UAE,31,3-6 months,36,No,Primary market
55,Complete Solutions,Animal Feed Production Line,complete feed mill Dubai,70,Medium,Commercial,Dubai,31,3-6 months,36,No,Primary market + Complete solution
56,Complete Solutions,Animal Feed Production Line,complete feed mill UAE,70,Medium,Commercial,UAE,31,3-6 months,36,No,Primary market + Complete solution
57,Water & Beverage Processing,Water Treatment Plant,RO plant Dubai,70,Medium,Commercial,Dubai,31,3-6 months,36,No,Primary market
58,Water & Beverage Processing,Water Treatment Plant,RO plant UAE,70,Medium,Commercial,UAE,31,3-6 months,36,No,Primary market
59,Tanks & Vessels,Stainless Steel Tanks,stainless steel tanks UAE,70,Medium,Commercial,UAE,31,3-6 months,36,No,Primary market
60,Tanks & Vessels,Stainless Steel Tanks,mixing tank Dubai,70,Medium,Commercial,Dubai,31,3-6 months,36,No,Primary market
61,Tanks & Vessels,Stainless Steel Tanks,blending vessel Dubai,70,Medium,Commercial,Dubai,31,3-6 months,36,No,Primary market
62,Complete Solutions,Aquatic Feed Production Line,shrimp feed line Dubai,70,Medium,Commercial,Dubai,31,3-6 months,36,No,Primary market
63,,,industrial RO plant Dubai,70,Medium,Commercial,Dubai,31,3-6 months,36,No,Primary market
64,Water & Beverage Processing,Water Treatment Plant,water purification system Dubai,70,Medium,Commercial,Dubai,31,3-6 months,36,No,Primary market
65,,,feed cooler supplier Dubai,70,Medium,Commercial,Dubai,31,3-6 months,36,No,Primary market + Direct supplier search
66,,,complete RO plant installation UAE,70,Medium,Commercial,UAE,31,3-6 months,36,No,Primary market + Complete solution
67,Feed Processing Equipment,Pellet Mill,poultry feed pellet mill,75,Medium,Commercial,Global,33,3-6 months,33,No,Good opportunity
68,Feed Processing Equipment,Twin Screw Extruder,aquatic feed extruder,75,Medium,Commercial,Global,33,3-6 months,33,No,Good opportunity
69,Feed Processing Equipment,Hammer Mill,hammer mill Dubai,52,Medium,Commercial,Dubai,23,3-6 months,28,No,Primary market
70,Feed Processing Equipment,Hammer Mill,feed grinder Dubai,52,Medium,Commercial,Dubai,23,3-6 months,28,No,Primary market
71,Feed Processing Equipment,Twin Shaft Mixer,paddle mixer Dubai,52,Medium,Commercial,Dubai,23,3-6 months,28,No,Primary market
72,Feed Processing Equipment,Twin Screw Extruder,fish feed extruder UAE,14,Low,Commercial,UAE,8,2-4 months,28,No,Low competition + Primary market
73,Feed Processing Equipment,Twin Screw Extruder,fish feed extruder Dubai,14,Low,Commercial,Dubai,8,2-4 months,28,No,Low competition + Primary market
74,,,aquatic feed extruder Dubai,14,Low,Commercial,Dubai,8,2-4 months,28,No,Low competition + Primary market
75,Complete Solutions,Animal Feed Production Line,turnkey feed plant UAE,52,Medium,Commercial,UAE,23,3-6 months,28,No,Primary market + Complete solution
76,Tanks & Vessels,Stainless Steel Tanks,mixing tank UAE,52,Medium,Commercial,UAE,23,3-6 months,28,No,Primary market
77,,,automatic pellet mill Dubai,14,Low,Commercial,Dubai,8,2-4 months,28,No,Low competition + Primary market
78,Feed Processing Equipment,Feed Cooler,feed cooler manufacturer Dubai,70,High,Commercial,Dubai,21,6-9 months,26,No,Primary market + Direct supplier search
79,,,stainless steel tank manufacturer UAE,70,High,Commercial,UAE,21,6-9 months,26,No,Primary market + Direct supplier search
80,Feed Processing Equipment,Hammer Mill,SFSP hammer mill UAE,5,Low,Commercial,UAE,3,2-4 months,23,No,Low competition + Primary market
81,Feed Processing Equipment,Hammer Mill,SFSP hammer mill Dubai,5,Low,Commercial,Dubai,3,2-4 months,23,No,Low competition + Primary market
82,Feed Processing Equipment,Pellet Mill,gear drive pellet mill,50,Medium,Commercial,Global,22,3-6 months,22,No,Good opportunity
83,Feed Processing Equipment,Pellet Mill,belt driven pellet mill,50,Medium,Commercial,Global,22,3-6 months,22,No,Good opportunity
84,Feed Processing Equipment,Pellet Mill,pellet mill MEA,50,Medium,Commercial,Middle East,22,3-6 months,22,No,Good opportunity
85,Feed Processing Equipment,Hammer Mill,ultra fine pulverizer,50,Medium,Commercial,Global,22,3-6 months,22,No,Good opportunity
86,Feed Processing Equipment,Twin Screw Extruder,extruder Saudi Arabia,50,Medium,Commercial,Saudi Arabia,22,3-6 months,22,No,Geographic expansion
87,Feed Processing Equipment,Feed Dryer,feed dryer Saudi Arabia,50,Medium,Commercial,Saudi Arabia,22,3-6 months,22,No,Geographic expansion
88,Tanks & Vessels,Stainless Steel Tanks,stainless steel tanks Saudi Arabia,50,Medium,Commercial,Saudi Arabia,22,3-6 months,22,No,Geographic expansion
89,Complete Solutions,Animal Feed Production Line,feed production line Riyadh,50,Medium,Commercial,Saudi Arabia,22,3-6 months,22,No,Geographic expansion
90,Feed Processing Equipment,Pellet Mill,pellet mill UAE,35,Medium,Commercial,UAE,15,3-6 months,20,No,Primary market
91,Feed Processing Equipment,Pellet Mill,pellet mill Dubai,35,Medium,Commercial,Dubai,15,3-6 months,20,No,Primary market
92,Feed Processing Equipment,Pellet Mill,pellet mill supplier UAE,35,Medium,Commercial,UAE,15,3-6 months,20,No,Primary market + Direct supplier search
93,Feed Processing Equipment,Pellet Mill,animal feed pellet mill UAE,35,Medium,Commercial,UAE,15,3-6 months,20,No,Primary market
94,Feed Processing Equipment,Pellet Mill,animal feed pellet mill Dubai,35,Medium,Commercial,Dubai,15,3-6 months,20,No,Primary market
95,Feed Processing Equipment,Pellet Mill,industrial pellet mill UAE,35,Medium,Commercial,UAE,15,3-6 months,20,No,Primary market
96,Feed Processing Equipment,Pellet Mill,large scale pellet mill UAE,35,Medium,Commercial,UAE,15,3-6 months,20,No,Primary market
97,Feed Processing Equipment,Pellet Mill,poultry feed pellet mill UAE,35,Medium,Commercial,UAE,15,3-6 months,20,No,Primary market
98,Feed Processing Equipment,Pellet Mill,fish feed pellet mill UAE,35,Medium,Commercial,UAE,15,3-6 months,20,No,Primary market
99,Feed Processing Equipment,Hammer Mill,water drop hammer mill UAE,35,Medium,Commercial,UAE,15,3-6 months,20,No,Primary market
100,Feed Processing Equipment,Twin Shaft Mixer,twin shaft mixer UAE,35,Medium,Commercial,UAE,15,3-6 months,20,No,Primary market
101,Feed Processing Equipment,Twin Shaft Mixer,twin shaft mixer Dubai,35,Medium,Commercial,Dubai,15,3-6 months,20,No,Primary market
102,Feed Processing Equipment,Twin Shaft Mixer,paddle mixer UAE,35,Medium,Commercial,UAE,15,3-6 months,20,No,Primary market
103,Feed Processing Equipment,Twin Shaft Mixer,twin shaft mixer supplier UAE,35,Medium,Commercial,UAE,15,3-6 months,20,No,Primary market + Direct supplier search
104,Feed Processing Equipment,Twin Shaft Mixer,twin shaft mixer manufacturer Dubai,35,Medium,Commercial,Dubai,15,3-6 months,20,No,Primary market + Direct supplier search
105,Feed Processing Equipment,Twin Screw Extruder,extruder manufacturer Dubai,35,Medium,Commercial,Dubai,15,3-6 months,20,No,Primary market + Direct supplier search
106,,,water drop hammer mill Dubai,35,Medium,Commercial,Dubai,15,3-6 months,20,No,Primary market
107,Water & Beverage Processing,Water Treatment Plant,RO plant supplier Dubai,35,Medium,Commercial,Dubai,15,3-6 months,20,No,Primary market + Direct supplier search
108,Filling & Packaging,Rotary Filling Machine,rotary filling machine Dubai,35,Medium,Commercial,Dubai,15,3-6 months,20,No,Primary market
109,Filling & Packaging,Piston Filling Machine,piston filling machine Dubai,35,Medium,Commercial,Dubai,15,3-6 months,20,No,Primary market
110,Water & Beverage Processing,Steam Boiler,steam boiler Dubai,35,Medium,Commercial,Dubai,15,3-6 months,20,No,Primary market
111,Water & Beverage Processing,Steam Boiler,steam boiler UAE,35,Medium,Commercial,UAE,15,3-6 months,20,No,Primary market
112,,,extruder supplier Dubai,35,Medium,Commercial,Dubai,15,3-6 months,20,No,Primary market + Direct supplier search
113,Complete Solutions,Animal Feed Production Line,poultry feed line Dubai,35,Medium,Commercial,Dubai,15,3-6 months,20,No,Primary market
114,Filling & Packaging,Piston Filling Machine,piston filling machine supplier UAE,35,Medium,Commercial,UAE,15,3-6 months,20,No,Primary market + Direct supplier search
115,,,feed mill setup Dubai,35,Medium,Commercial,Dubai,15,3-6 months,20,No,Primary market
116,Water & Beverage Processing,Water Treatment Plant,RO plant Riyadh,37,Medium,Commercial,Saudi Arabia,16,3-6 months,16,No,Geographic expansion
117,Feed Processing Equipment,Hammer Mill,hammer mill manufacturer Dubai,35,High,Commercial,Dubai,10,6-9 months,15,No,Primary market + Direct supplier search
118,Feed Processing Equipment,Twin Shaft Mixer,ribbon mixer UAE,35,High,Commercial,UAE,10,6-9 months,15,No,Primary market
119,Feed Processing Equipment,Twin Screw Extruder,extruder supplier UAE,35,High,Commercial,UAE,10,6-9 months,15,No,Primary market + Direct supplier search
120,Feed Processing Equipment,Feed Dryer,feed dryer supplier UAE,35,High,Commercial,UAE,10,6-9 months,15,No,Primary market + Direct supplier search
121,Feed Processing Equipment,Pellet Mill,pellet mill manufacturer Dubai,21,Medium,Commercial,Dubai,9,3-6 months,14,No,Primary market + Direct supplier search
122,Feed Processing Equipment,Pellet Mill,commercial pellet mill Dubai,21,Medium,Commercial,Dubai,9,3-6 months,14,No,Primary market
123,Feed Processing Equipment,Pellet Mill,small scale pellet mill UAE,21,Medium,Commercial,UAE,9,3-6 months,14,No,Primary market
124,Feed Processing Equipment,Twin Screw Extruder,twin screw extruder UAE,21,Medium,Commercial,UAE,9,3-6 months,14,No,Primary market
125,Complete Solutions,Animal Feed Production Line,turnkey feed plant Dubai,21,Medium,Commercial,Dubai,9,3-6 months,14,No,Primary market + Complete solution
126,Filling & Packaging,Labeling Machine,BOPP labeling machine UAE,21,Medium,Commercial,UAE,9,3-6 months,14,No,Primary market
127,,,poultry feed pellet mill Dubai,21,Medium,Commercial,Dubai,9,3-6 months,14,No,Primary market
128,Water & Beverage Processing,Homogenizer/Pasteurizer,homogenizer Dubai,21,Medium,Commercial,Dubai,9,3-6 months,14,No,Primary market
129,,,industrial pellet mill Dubai,21,Medium,Commercial,Dubai,9,3-6 months,14,No,Primary market
130,Tanks & Vessels,Fermentation Tank,fermentation tank Dubai,21,Medium,Commercial,Dubai,9,3-6 months,14,No,Primary market
131,Feed Processing Equipment,Pellet Mill,belt driven pellet mill UAE,14,Medium,Commercial,UAE,6,3-6 months,11,No,Primary market
132,Feed Processing Equipment,Pellet Mill,pellet mill Saudi Arabia,25,Medium,Commercial,Saudi Arabia,11,3-6 months,11,No,Geographic expansion
133,Feed Processing Equipment,Pellet Mill,pellet mill Oman,25,Medium,Commercial,Oman,11,3-6 months,11,No,Good opportunity
134,Feed Processing Equipment,Pellet Mill,pellet mill Qatar,25,Medium,Commercial,Qatar,11,3-6 months,11,No,Good opportunity
135,Feed Processing Equipment,Hammer Mill,hammer mill Riyadh,25,Medium,Commercial,Saudi Arabia,11,3-6 months,11,No,Geographic expansion
136,Feed Processing Equipment,Hammer Mill,hammer mill Oman,25,Medium,Commercial,Oman,11,3-6 months,11,No,Good opportunity
137,Feed Processing Equipment,Hammer Mill,hammer mill Qatar,25,Medium,Commercial,Qatar,11,3-6 months,11,No,Good opportunity
138,Feed Processing Equipment,Twin Shaft Mixer,twin shaft mixer Saudi Arabia,25,Medium,Commercial,Saudi Arabia,11,3-6 months,11,No,Geographic expansion
139,Feed Processing Equipment,Twin Shaft Mixer,twin shaft mixer Oman,25,Medium,Commercial,Oman,11,3-6 months,11,No,Good opportunity
140,Feed Processing Equipment,Twin Screw Extruder,twin screw extruder Dubai,14,Medium,Commercial,Dubai,6,3-6 months,11,No,Primary market
141,Feed Processing Equipment,Twin Screw Extruder,aquatic feed extruder UAE,14,Medium,Commercial,UAE,6,3-6 months,11,No,Primary market
142,Filling & Packaging,Labeling Machine,BOPP labeling machine Dubai,14,Medium,Commercial,Dubai,6,3-6 months,11,No,Primary market
143,Water & Beverage Processing,Homogenizer/Pasteurizer,pasteurizer Dubai,14,Medium,Commercial,Dubai,6,3-6 months,11,No,Primary market
144,Tanks & Vessels,Stainless Steel Tanks,stainless steel tanks Riyadh,25,Medium,Commercial,Saudi Arabia,11,3-6 months,11,No,Geographic expansion
145,Feed Processing Equipment,Pellet Mill,pellet mill Jeddah,20,Medium,Commercial,Saudi Arabia,9,3-6 months,9,No,Geographic expansion
146,Feed Processing Equipment,Pellet Mill,pellet mill GCC,20,Medium,Commercial,Middle East,9,3-6 months,9,No,Good opportunity
147,Feed Processing Equipment,Hammer Mill,SFSP hammer mill,20,Medium,Commercial,Global,9,3-6 months,9,No,Good opportunity
148,Feed Processing Equipment,Hammer Mill,ultra fine pulverizer UAE,7,Medium,Commercial,UAE,3,3-6 months,8,No,Primary market
149,Feed Processing Equipment,Twin Screw Extruder,MFPH extruder UAE,5,Medium,Commercial,UAE,2,3-6 months,7,No,Primary market
150,Feed Processing Equipment,Feed Dryer,MFHG steam dryer UAE,5,Medium,Commercial,UAE,2,3-6 months,7,No,Primary market
151,Feed Processing Equipment,Hammer Mill,ultra fine pulverizer Dubai,3,Medium,Commercial,Dubai,1,3-6 months,6,No,Primary market
152,Feed Processing Equipment,Pellet Mill,pellet mill Riyadh,10,Medium,Commercial,Saudi Arabia,4,3-6 months,4,No,Geographic expansion
153,Feed Processing Equipment,Twin Screw Extruder,MFPH extruder,5,Medium,Commercial,Global,2,3-6 months,2,No,Good opportunity
154,Feed Processing Equipment,Feed Dryer,MFHG steam dryer,5,Medium,Commercial,Global,2,3-6 months,2,No,Good opportunity
