Product Category,Product,Keyword,Priority,Reason
Feed Processing Equipment,Pellet Mill,pellet mill Dubai,1,Highest volume + primary market
Feed Processing Equipment,Pellet Mill,pellet mill UAE,2,Primary market + high volume
Feed Processing Equipment,Pellet Mill,gear drive pellet mill Dubai,3,Low competition + high intent
Feed Processing Equipment,Pellet Mill,gear drive pellet mill UAE,4,Low competition + high intent
Feed Processing Equipment,Pellet Mill,animal feed pellet mill Dubai,5,High commercial intent
Feed Processing Equipment,Pellet Mill,animal feed pellet mill UAE,6,High commercial intent
Feed Processing Equipment,Pellet Mill,pellet mill supplier UAE,7,Direct supplier search
Feed Processing Equipment,Pellet Mill,pellet mill manufacturer Dubai,8,Direct manufacturer search
Feed Processing Equipment,Pellet Mill,pellet mill price UAE,9,Transactional intent
Feed Processing Equipment,Pellet Mill,pellet mill cost Dubai,10,Transactional intent
Feed Processing Equipment,Hammer Mill,hammer mill Dubai,11,High volume + primary market
Feed Processing Equipment,Hammer Mill,hammer mill UAE,12,High volume + primary market
Feed Processing Equipment,Hammer Mill,SFSP hammer mill Dubai,13,Unique product + low competition
Feed Processing Equipment,Hammer Mill,SFSP hammer mill UAE,14,Unique product + low competition
Feed Processing Equipment,Hammer Mill,water drop hammer mill Dubai,15,Product differentiation
Feed Processing Equipment,Hammer Mill,hammer mill supplier UAE,16,Direct supplier search
Feed Processing Equipment,Hammer Mill,hammer mill price UAE,17,Transactional intent
Feed Processing Equipment,Twin Shaft Mixer,twin shaft mixer Dubai,18,Low competition + high value
Feed Processing Equipment,Twin Shaft Mixer,twin shaft mixer UAE,19,Low competition + high value
Feed Processing Equipment,Twin Shaft Mixer,paddle mixer Dubai,20,Low competition
Feed Processing Equipment,Twin Shaft Mixer,feed mixer Dubai,21,High commercial intent
Feed Processing Equipment,Twin Screw Extruder,fish feed extruder Dubai,22,Growing market + low competition
Feed Processing Equipment,Twin Screw Extruder,fish feed extruder UAE,23,Growing market + low competition
Feed Processing Equipment,Twin Screw Extruder,aquatic feed extruder Dubai,24,Blue ocean opportunity
Feed Processing Equipment,Twin Screw Extruder,MFPH extruder UAE,25,Unique product + zero competition
Complete Solutions,Animal Feed Production Line,complete feed mill Dubai,26,High-value turnkey solution
Complete Solutions,Animal Feed Production Line,complete feed mill UAE,27,High-value turnkey solution
Complete Solutions,Animal Feed Production Line,turnkey feed plant Dubai,28,High-value + low competition
Complete Solutions,Animal Feed Production Line,turnkey feed plant UAE,29,High-value + low competition
Complete Solutions,Animal Feed Production Line,feed production line Dubai,30,Complete solution search
Complete Solutions,Animal Feed Production Line,feed production line UAE,31,Complete solution search
Complete Solutions,Animal Feed Production Line,animal feed production line Dubai,32,High commercial intent
Complete Solutions,Animal Feed Production Line,animal feed production line UAE,33,High commercial intent
Water & Beverage Processing,Water Treatment Plant,water treatment plant Dubai,34,High volume + primary market
Water & Beverage Processing,Water Treatment Plant,water treatment plant UAE,35,High volume + primary market
Water & Beverage Processing,Water Treatment Plant,RO plant Dubai,36,High search volume
Water & Beverage Processing,Water Treatment Plant,RO plant UAE,37,High search volume
Water & Beverage Processing,Water Treatment Plant,water treatment plant supplier UAE,38,Direct supplier search
Water & Beverage Processing,Water Treatment Plant,RO plant supplier Dubai,39,Direct supplier search
Water & Beverage Processing,Water Treatment Plant,water treatment plant price UAE,40,Transactional intent
Filling & Packaging,Labeling Machine,labeling machine Dubai,41,High volume + primary market
Filling & Packaging,Labeling Machine,labeling machine UAE,42,High volume + primary market
Filling & Packaging,Labeling Machine,BOPP labeling machine Dubai,43,Unique product + low competition
Filling & Packaging,Labeling Machine,BOPP labeling machine UAE,44,Unique product + low competition
Filling & Packaging,Rotary Filling Machine,rotary filling machine Dubai,45,High commercial intent
Filling & Packaging,Rotary Filling Machine,rotary filling machine UAE,46,High commercial intent
Filling & Packaging,Piston Filling Machine,piston filling machine Dubai,47,High commercial intent
Filling & Packaging,PET Blowing Machine,PET blowing machine Dubai,48,High commercial intent
Tanks & Vessels,Stainless Steel Tanks,stainless steel tanks Dubai,49,High volume + primary market
Tanks & Vessels,Stainless Steel Tanks,stainless steel tanks UAE,50,High volume + primary market
Tanks & Vessels,Stainless Steel Tanks,mixing tank Dubai,51,High commercial intent
Tanks & Vessels,Stainless Steel Tanks,mixing tank UAE,52,High commercial intent
Tanks & Vessels,Stainless Steel Tanks,blending vessel Dubai,53,Low competition
Tanks & Vessels,Stainless Steel Tanks,storage tank Dubai,54,High commercial intent
Feed Processing Equipment,Pellet Mill,pellet mill for sale UAE,55,Transactional intent
Feed Processing Equipment,Pellet Mill,poultry feed pellet mill Dubai,56,Industry-specific
Feed Processing Equipment,Pellet Mill,fish feed pellet mill Dubai,57,Industry-specific
Feed Processing Equipment,Hammer Mill,ultra fine pulverizer Dubai,58,Unique product
Feed Processing Equipment,Feed Dryer,feed dryer Dubai,59,Low competition
Feed Processing Equipment,Feed Cooler,feed cooler Dubai,60,Low competition
Complete Solutions,Aquatic Feed Production Line,fish feed plant Dubai,61,High-value + growing market
Complete Solutions,Aquatic Feed Production Line,fish feed plant UAE,62,High-value + growing market
Complete Solutions,Aquatic Feed Production Line,shrimp feed line Dubai,63,Niche + low competition
Water & Beverage Processing,Steam Boiler,steam boiler Dubai,64,High commercial intent
Water & Beverage Processing,Steam Boiler,steam boiler UAE,65,High commercial intent
Water & Beverage Processing,Homogenizer/Pasteurizer,homogenizer Dubai,66,Low competition
Water & Beverage Processing,Homogenizer/Pasteurizer,pasteurizer Dubai,67,Low competition
Feed Processing Equipment,Pellet Mill,pellet mill Saudi Arabia,68,Geographic expansion
Feed Processing Equipment,Pellet Mill,pellet mill Riyadh,69,Geographic expansion
Feed Processing Equipment,Hammer Mill,hammer mill Saudi Arabia,70,Geographic expansion
Water & Beverage Processing,Water Treatment Plant,water treatment plant Saudi Arabia,71,Geographic expansion
Water & Beverage Processing,Water Treatment Plant,RO plant Riyadh,72,Geographic expansion
Tanks & Vessels,Stainless Steel Tanks,stainless steel tanks Saudi Arabia,73,Geographic expansion
Tanks & Vessels,Stainless Steel Tanks,stainless steel tanks Riyadh,74,Geographic expansion
Complete Solutions,Animal Feed Production Line,feed production line Saudi Arabia,75,Geographic expansion
Complete Solutions,Animal Feed Production Line,feed production line Riyadh,76,Geographic expansion
Feed Processing Equipment,Pellet Mill,automatic pellet mill Dubai,77,Automation focus
Feed Processing Equipment,Pellet Mill,small scale pellet mill Dubai,78,SME market
Feed Processing Equipment,Pellet Mill,industrial pellet mill Dubai,79,Industrial focus
Feed Processing Equipment,Hammer Mill,feed grinder Dubai,80,Alternative term
Feed Processing Equipment,Twin Shaft Mixer,twin shaft mixer supplier UAE,81,Direct supplier search
Feed Processing Equipment,Twin Screw Extruder,extruder supplier Dubai,82,Direct supplier search
Complete Solutions,Animal Feed Production Line,1 ton per hour feed mill UAE,83,Capacity-specific
Complete Solutions,Animal Feed Production Line,5 ton per hour feed mill UAE,84,Capacity-specific
Complete Solutions,Animal Feed Production Line,poultry feed line Dubai,85,Industry-specific
Water & Beverage Processing,Water Treatment Plant,industrial RO plant Dubai,86,Industrial focus
Water & Beverage Processing,Water Treatment Plant,water purification system Dubai,87,Alternative term
Filling & Packaging,Labeling Machine,labeling machine supplier UAE,88,Direct supplier search
Filling & Packaging,Rotary Filling Machine,rotary filling machine supplier UAE,89,Direct supplier search
Filling & Packaging,Piston Filling Machine,piston filling machine supplier UAE,90,Direct supplier search
Tanks & Vessels,Stainless Steel Tanks,stainless steel tank supplier Dubai,91,Direct supplier search
Tanks & Vessels,Stainless Steel Tanks,stainless steel tank manufacturer UAE,92,Direct manufacturer search
Tanks & Vessels,Fermentation Tank,fermentation tank Dubai,93,Low competition
Feed Processing Equipment,Feed Dryer,MFHG steam dryer UAE,94,Unique product + zero competition
Feed Processing Equipment,Feed Cooler,feed cooler supplier Dubai,95,Service opportunity
Complete Solutions,Animal Feed Production Line,complete feed mill installation Dubai,96,Service + solution
Complete Solutions,Animal Feed Production Line,feed mill setup Dubai,97,High search volume
Water & Beverage Processing,Water Treatment Plant,complete RO plant installation UAE,98,Service + solution
Filling & Packaging,Labeling Machine,automatic labeling machine Dubai,99,Automation focus
Complete Solutions,Animal Feed Production Line,feed production line supplier Dubai,100,Direct supplier search

